SMS,IsTransaction,Category,Reason
"Dear Customer, Rs.50,000 to Rs.80,000 personal loan can be credited instantly on 08.11.2026. Check if you qualify: http://example.in/5482 - LazyPay",No,Loan Marketing,Promotional message; no actual money movement
"Dear Customer, Rs.25,000 to Rs.5,00,000 loan can be credited to your Bank A/c on 27.04.2026. Check if you qualify: http://example.in/5427 - PaySense",No,Loan Marketing,Promotional message; no actual money movement
"Dear Customer, Rs.5,000 to Rs.10,000 quick loan can be disbursed on 28.06.2026. Complete KYC to proceed: http://example.in/7051 - Kissht",No,Loan Marketing,Promotional message; no actual money movement
"Dear Customer, Rs.5,000 to Rs.25,000 instant cash loan available on 18.10.2026. Limited period offer: http://example.in/1861 - Navi",No,Loan Marketing,Promotional message; no actual money movement
"Dear Customer, Rs.50,000 to Rs.50,000 quick loan can be disbursed on 25.11.2026. Limited period offer: http://example.in/6465 - Bajaj Finserv",No,Loan Marketing,Promotional message; no actual money movement
"Dear Customer, Rs.10,000 to Rs.5,00,000 loan can be credited to your Bank A/c on 28.09.2026. Check if you qualify: http://example.in/7657 - Ram Fincor",No,Loan Marketing,Promotional message; no actual money movement
"Dear Customer, Rs.50,000 to Rs.50,000 instant cash loan available on 16.08.2026. Click to know more: http://example.in/5266 - KreditBee",No,Loan Marketing,Promotional message; no actual money movement
"Dear Customer, Rs.10,000 to Rs.25,000 cash loan up to Rs.25,000 on 11.11.2026. Click to know more: http://example.in/2024 - Ram Fincor",No,Loan Marketing,Promotional message; no actual money movement
"Dear Customer, Rs.2,000 to Rs.5,00,000 instant cash loan available on 07.02.2026. Offer valid today: http://example.in/9092 - CASHe",No,Loan Marketing,Promotional message; no actual money movement
"Dear Customer, Rs.2,000 to Rs.50,000 cash loan up to Rs.50,000 on 04.12.2026. Limited period offer: http://example.in/8086 - Ram Fincor",No,Loan Marketing,Promotional message; no actual money movement
"Dear Customer, Rs.2,000 to Rs.5,00,000 instant cash loan available on 24.07.2026. Instant approval: http://example.in/4008 - PaySense",No,Loan Marketing,Promotional message; no actual money movement
"Dear Customer, Rs.1,50,000 to Rs.5,00,000 loan approved subject to verification on 28.08.2026. Click to know more: http://example.in/9804 - LazyPay",No,Loan Marketing,Promotional message; no actual money movement
"Dear Customer, Rs.5,000 to Rs.1,50,000 pre-approved loan available on 01.03.2026. Offer valid today: http://example.in/2801 - Ram Fincor",No,Loan Marketing,Promotional message; no actual money movement
"Dear Customer, Rs.25,000 to Rs.50,000 loan offer waiting for you on 23.02.2026. Click to know more: http://example.in/7714 - mPokket",No,Loan Marketing,Promotional message; no actual money movement
"Dear Customer, Rs.5,000 to Rs.80,000 loan offer waiting for you on 05.05.2026. Click to know more: http://example.in/3710 - Navi",No,Loan Marketing,Promotional message; no actual money movement
"Dear Customer, Rs.10,000 to Rs.80,000 you are eligible for a personal loan on 21.03.2026. Limited period offer: http://example.in/7226 - CASHe",No,Loan Marketing,Promotional message; no actual money movement
"Dear Customer, Rs.25,000 to Rs.25,000 personal loan can be credited instantly on 06.07.2026. Apply Now: http://example.in/9964 - mPokket",No,Loan Marketing,Promotional message; no actual money movement
"Dear Customer, Rs.2,000 to Rs.50,000 quick loan can be disbursed on 21.11.2026. Complete KYC to proceed: http://example.in/8572 - Bajaj Finserv",No,Loan Marketing,Promotional message; no actual money movement
"Dear Customer, Rs.80,000 to Rs.5,00,000 loan can be credited to your Bank A/c on 07.06.2026. Instant approval: http://example.in/1770 - PaySense",No,Loan Marketing,Promotional message; no actual money movement
"Dear Customer, Rs.10,000 to Rs.1,50,000 loan approved subject to verification on 21.04.2026. Apply Now: http://example.in/2151 - Navi",No,Loan Marketing,Promotional message; no actual money movement
"Dear Customer, Rs.2,000 to Rs.50,000 instant cash loan available on 24.12.2026. Click to know more: http://example.in/2989 - KreditBee",No,Loan Marketing,Promotional message; no actual money movement
"Dear Customer, Rs.50,000 to Rs.5,00,000 loan approved subject to verification on 10.04.2026. Complete KYC to proceed: http://example.in/6735 - Bajaj Finserv",No,Loan Marketing,Promotional message; no actual money movement
"Dear Customer, Rs.80,000 to Rs.5,00,000 cash loan up to Rs.5,00,000 on 21.05.2026. Get money in minutes: http://example.in/8307 - Bajaj Finserv",No,Loan Marketing,Promotional message; no actual money movement
"Dear Customer, Rs.5,000 to Rs.5,00,000 cash loan up to Rs.5,00,000 on 15.02.2026. Complete KYC to proceed: http://example.in/1493 - Navi",No,Loan Marketing,Promotional message; no actual money movement
"Dear Customer, Rs.10,000 to Rs.50,000 loan approved subject to verification on 17.07.2026. Instant approval: http://example.in/9041 - mPokket",No,Loan Marketing,Promotional message; no actual money movement
"Dear Customer, Rs.5,00,000 to Rs.5,00,000 you are eligible for a personal loan on 05.11.2026. Apply Now: http://example.in/6483 - PaySense",No,Loan Marketing,Promotional message; no actual money movement
"Dear Customer, Rs.10,000 to Rs.25,000 loan offer waiting for you on 07.03.2026. Check if you qualify: http://example.in/2695 - PaySense",No,Loan Marketing,Promotional message; no actual money movement
"Dear Customer, Rs.5,000 to Rs.80,000 cash loan up to Rs.80,000 on 27.01.2026. Instant approval: http://example.in/1687 - Navi",No,Loan Marketing,Promotional message; no actual money movement
"Dear Customer, Rs.10,000 to Rs.25,000 loan offer waiting for you on 26.05.2026. Get money in minutes: http://example.in/9852 - mPokket",No,Loan Marketing,Promotional message; no actual money movement
"Dear Customer, Rs.5,000 to Rs.25,000 personal loan can be credited instantly on 21.04.2026. Offer valid today: http://example.in/9624 - PaySense",No,Loan Marketing,Promotional message; no actual money movement
"Dear Customer, Rs.80,000 to Rs.1,50,000 loan offer waiting for you on 24.09.2026. Complete KYC to proceed: http://example.in/8464 - MoneyView",No,Loan Marketing,Promotional message; no actual money movement
"Dear Customer, Rs.2,000 to Rs.80,000 personal loan can be credited instantly on 25.07.2026. Offer valid today: http://example.in/6766 - CASHe",No,Loan Marketing,Promotional message; no actual money movement
"Dear Customer, Rs.2,000 to Rs.1,50,000 credit line available on 02.12.2026. Check if you qualify: http://example.in/6569 - CASHe",No,Loan Marketing,Promotional message; no actual money movement
"Dear Customer, Rs.5,00,000 to Rs.5,00,000 quick loan can be disbursed on 05.03.2026. Apply Now: http://example.in/5512 - LazyPay",No,Loan Marketing,Promotional message; no actual money movement
"Dear Customer, Rs.2,000 to Rs.5,000 pre-approved loan available on 05.07.2026. Get money in minutes: http://example.in/3596 - PaySense",No,Loan Marketing,Promotional message; no actual money movement
"Dear Customer, Rs.2,000 to Rs.25,000 loan can be credited to your Bank A/c on 23.08.2026. Click to know more: http://example.in/8664 - Kissht",No,Loan Marketing,Promotional message; no actual money movement
"Dear Customer, Rs.25,000 to Rs.5,00,000 instant cash loan available on 06.12.2026. Click to know more: http://example.in/9005 - PaySense",No,Loan Marketing,Promotional message; no actual money movement
"Dear Customer, Rs.80,000 to Rs.1,50,000 cash loan up to Rs.1,50,000 on 13.04.2026. Check if you qualify: http://example.in/7277 - mPokket",No,Loan Marketing,Promotional message; no actual money movement
"Dear Customer, Rs.50,000 to Rs.50,000 quick loan can be disbursed on 21.07.2026. Limited period offer: http://example.in/7930 - CASHe",No,Loan Marketing,Promotional message; no actual money movement
"Dear Customer, Rs.1,50,000 to Rs.1,50,000 loan can be credited to your Bank A/c on 04.04.2026. Apply Now: http://example.in/3028 - CASHe",No,Loan Marketing,Promotional message; no actual money movement
"Dear Customer, Rs.5,000 to Rs.5,00,000 instant cash loan available on 19.03.2026. Offer valid today: http://example.in/1736 - Navi",No,Loan Marketing,Promotional message; no actual money movement
"Dear Customer, Rs.5,000 to Rs.1,50,000 you are eligible for a personal loan on 26.08.2026. Complete KYC to proceed: http://example.in/1558 - CASHe",No,Loan Marketing,Promotional message; no actual money movement
"Dear Customer, Rs.10,000 to Rs.10,000 you are eligible for a personal loan on 02.03.2026. Instant approval: http://example.in/7304 - mPokket",No,Loan Marketing,Promotional message; no actual money movement
"Dear Customer, Rs.25,000 to Rs.1,50,000 credit line available on 24.06.2026. Check if you qualify: http://example.in/1680 - CASHe",No,Loan Marketing,Promotional message; no actual money movement
"Dear Customer, Rs.10,000 to Rs.50,000 cash loan up to Rs.50,000 on 08.05.2026. Limited period offer: http://example.in/6721 - Bajaj Finserv",No,Loan Marketing,Promotional message; no actual money movement
"Dear Customer, Rs.10,000 to Rs.5,00,000 personal loan can be credited instantly on 21.05.2026. Limited period offer: http://example.in/2570 - LazyPay",No,Loan Marketing,Promotional message; no actual money movement
"Dear Customer, Rs.25,000 to Rs.1,50,000 cash loan up to Rs.1,50,000 on 08.09.2026. Get money in minutes: http://example.in/1486 - Bajaj Finserv",No,Loan Marketing,Promotional message; no actual money movement
"Dear Customer, Rs.5,000 to Rs.10,000 personal loan can be credited instantly on 28.03.2026. Get money in minutes: http://example.in/2895 - Navi",No,Loan Marketing,Promotional message; no actual money movement
"Dear Customer, Rs.25,000 to Rs.80,000 quick loan can be disbursed on 19.10.2026. Get money in minutes: http://example.in/5439 - Kissht",No,Loan Marketing,Promotional message; no actual money movement
"Dear Customer, Rs.80,000 to Rs.1,50,000 loan approved subject to verification on 07.01.2026. Instant approval: http://example.in/4030 - mPokket",No,Loan Marketing,Promotional message; no actual money movement
"Dear Customer, Rs.2,000 to Rs.50,000 instant cash loan available on 17.09.2026. Get money in minutes: http://example.in/6169 - Ram Fincor",No,Loan Marketing,Promotional message; no actual money movement
"Dear Customer, Rs.5,000 to Rs.10,000 loan offer waiting for you on 28.02.2026. Limited period offer: http://example.in/1152 - Kissht",No,Loan Marketing,Promotional message; no actual money movement
"Dear Customer, Rs.10,000 to Rs.50,000 instant cash loan available on 23.06.2026. Apply Now: http://example.in/3936 - MoneyView",No,Loan Marketing,Promotional message; no actual money movement
"Dear Customer, Rs.5,000 to Rs.10,000 instant cash loan available on 03.04.2026. Offer valid today: http://example.in/5665 - mPokket",No,Loan Marketing,Promotional message; no actual money movement
"Dear Customer, Rs.2,000 to Rs.1,50,000 loan can be credited to your Bank A/c on 16.01.2026. Limited period offer: http://example.in/2168 - mPokket",No,Loan Marketing,Promotional message; no actual money movement
"Dear Customer, Rs.10,000 to Rs.1,50,000 pre-approved loan available on 22.07.2026. Check if you qualify: http://example.in/8989 - PaySense",No,Loan Marketing,Promotional message; no actual money movement
"Dear Customer, Rs.10,000 to Rs.80,000 you are eligible for a personal loan on 04.08.2026. Click to know more: http://example.in/1214 - Navi",No,Loan Marketing,Promotional message; no actual money movement
"Dear Customer, Rs.2,000 to Rs.5,00,000 quick loan can be disbursed on 01.01.2026. Click to know more: http://example.in/5689 - CASHe",No,Loan Marketing,Promotional message; no actual money movement
"Dear Customer, Rs.10,000 to Rs.1,50,000 personal loan can be credited instantly on 20.11.2026. Get money in minutes: http://example.in/1614 - Ram Fincor",No,Loan Marketing,Promotional message; no actual money movement
"Dear Customer, Rs.25,000 to Rs.5,00,000 loan approved subject to verification on 10.03.2026. Complete KYC to proceed: http://example.in/1029 - LazyPay",No,Loan Marketing,Promotional message; no actual money movement
"Dear Customer, Rs.25,000 to Rs.50,000 loan offer waiting for you on 16.03.2026. Check if you qualify: http://example.in/1931 - Kissht",No,Loan Marketing,Promotional message; no actual money movement
"Dear Customer, Rs.5,000 to Rs.5,00,000 personal loan can be credited instantly on 08.07.2026. Apply Now: http://example.in/6254 - CASHe",No,Loan Marketing,Promotional message; no actual money movement
"Dear Customer, Rs.25,000 to Rs.25,000 personal loan can be credited instantly on 16.06.2026. Limited period offer: http://example.in/3427 - LazyPay",No,Loan Marketing,Promotional message; no actual money movement
"Dear Customer, Rs.25,000 to Rs.5,00,000 pre-approved loan available on 03.08.2026. Limited period offer: http://example.in/7431 - MoneyView",No,Loan Marketing,Promotional message; no actual money movement
"Dear Customer, Rs.2,000 to Rs.1,50,000 pre-approved loan available on 20.11.2026. Limited period offer: http://example.in/3252 - LazyPay",No,Loan Marketing,Promotional message; no actual money movement
"Dear Customer, Rs.2,000 to Rs.25,000 instant cash loan available on 13.01.2026. Limited period offer: http://example.in/3211 - Bajaj Finserv",No,Loan Marketing,Promotional message; no actual money movement
"Dear Customer, Rs.25,000 to Rs.25,000 loan can be credited to your Bank A/c on 01.10.2026. Apply Now: http://example.in/6657 - Navi",No,Loan Marketing,Promotional message; no actual money movement
"Dear Customer, Rs.5,000 to Rs.10,000 loan approved subject to verification on 09.12.2026. Apply Now: http://example.in/4927 - Navi",No,Loan Marketing,Promotional message; no actual money movement
"Dear Customer, Rs.10,000 to Rs.50,000 pre-approved loan available on 16.08.2026. Click to know more: http://example.in/2413 - Navi",No,Loan Marketing,Promotional message; no actual money movement
"Dear Customer, Rs.5,000 to Rs.50,000 instant cash loan available on 13.03.2026. Offer valid today: http://example.in/1218 - Bajaj Finserv",No,Loan Marketing,Promotional message; no actual money movement
"Dear Customer, Rs.10,000 to Rs.1,50,000 loan approved subject to verification on 22.04.2026. Complete KYC to proceed: http://example.in/9903 - Bajaj Finserv",No,Loan Marketing,Promotional message; no actual money movement
"Dear Customer, Rs.1,50,000 to Rs.5,00,000 pre-approved loan available on 05.03.2026. Get money in minutes: http://example.in/8468 - Ram Fincor",No,Loan Marketing,Promotional message; no actual money movement
"Dear Customer, Rs.5,000 to Rs.25,000 quick loan can be disbursed on 25.10.2026. Offer valid today: http://example.in/2455 - Navi",No,Loan Marketing,Promotional message; no actual money movement
"Dear Customer, Rs.50,000 to Rs.80,000 pre-approved loan available on 24.07.2026. Get money in minutes: http://example.in/4119 - LazyPay",No,Loan Marketing,Promotional message; no actual money movement
"Dear Customer, Rs.50,000 to Rs.1,50,000 instant cash loan available on 07.07.2026. Limited period offer: http://example.in/5123 - MoneyView",No,Loan Marketing,Promotional message; no actual money movement
"Dear Customer, Rs.5,000 to Rs.50,000 loan approved subject to verification on 11.02.2026. Check if you qualify: http://example.in/7501 - MoneyView",No,Loan Marketing,Promotional message; no actual money movement
"Dear Customer, Rs.2,000 to Rs.5,000 loan offer waiting for you on 10.11.2026. Instant approval: http://example.in/8244 - Navi",No,Loan Marketing,Promotional message; no actual money movement
"Dear Customer, Rs.1,50,000 to Rs.1,50,000 credit line available on 13.09.2026. Get money in minutes: http://example.in/4960 - LazyPay",No,Loan Marketing,Promotional message; no actual money movement
"Dear Customer, Rs.2,000 to Rs.80,000 pre-approved loan available on 18.12.2026. Get money in minutes: http://example.in/1792 - mPokket",No,Loan Marketing,Promotional message; no actual money movement
"Dear Customer, Rs.10,000 to Rs.5,00,000 loan offer waiting for you on 17.03.2026. Limited period offer: http://example.in/9347 - PaySense",No,Loan Marketing,Promotional message; no actual money movement
"Dear Customer, Rs.25,000 to Rs.5,00,000 you are eligible for a personal loan on 26.02.2026. Offer valid today: http://example.in/3557 - Bajaj Finserv",No,Loan Marketing,Promotional message; no actual money movement
"Dear Customer, Rs.50,000 to Rs.5,00,000 loan approved subject to verification on 02.12.2026. Apply Now: http://example.in/7264 - Kissht",No,Loan Marketing,Promotional message; no actual money movement
"Dear Customer, Rs.10,000 to Rs.10,000 cash loan up to Rs.10,000 on 20.06.2026. Get money in minutes: http://example.in/4241 - Ram Fincor",No,Loan Marketing,Promotional message; no actual money movement
"Dear Customer, Rs.5,000 to Rs.1,50,000 loan can be credited to your Bank A/c on 07.08.2026. Apply Now: http://example.in/5011 - Bajaj Finserv",No,Loan Marketing,Promotional message; no actual money movement
"Dear Customer, Rs.50,000 to Rs.80,000 personal loan can be credited instantly on 28.12.2026. Complete KYC to proceed: http://example.in/6942 - LazyPay",No,Loan Marketing,Promotional message; no actual money movement
"Dear Customer, Rs.5,000 to Rs.10,000 personal loan can be credited instantly on 07.06.2026. Complete KYC to proceed: http://example.in/8823 - Kissht",No,Loan Marketing,Promotional message; no actual money movement
"Dear Customer, Rs.80,000 to Rs.5,00,000 loan approved subject to verification on 10.06.2026. Offer valid today: http://example.in/2018 - LazyPay",No,Loan Marketing,Promotional message; no actual money movement
"Dear Customer, Rs.50,000 to Rs.80,000 loan can be credited to your Bank A/c on 23.08.2026. Apply Now: http://example.in/2770 - CASHe",No,Loan Marketing,Promotional message; no actual money movement
"Dear Customer, Rs.10,000 to Rs.10,000 personal loan can be credited instantly on 03.10.2026. Get money in minutes: http://example.in/8930 - CASHe",No,Loan Marketing,Promotional message; no actual money movement
"Dear Customer, Rs.1,50,000 to Rs.5,00,000 pre-approved loan available on 19.05.2026. Complete KYC to proceed: http://example.in/8540 - mPokket",No,Loan Marketing,Promotional message; no actual money movement
"Dear Customer, Rs.80,000 to Rs.5,00,000 loan offer waiting for you on 07.02.2026. Instant approval: http://example.in/4072 - PaySense",No,Loan Marketing,Promotional message; no actual money movement
"Dear Customer, Rs.2,000 to Rs.80,000 instant cash loan available on 14.03.2026. Instant approval: http://example.in/4565 - Bajaj Finserv",No,Loan Marketing,Promotional message; no actual money movement
"Dear Customer, Rs.25,000 to Rs.80,000 quick loan can be disbursed on 24.08.2026. Click to know more: http://example.in/7476 - Bajaj Finserv",No,Loan Marketing,Promotional message; no actual money movement
"Dear Customer, Rs.80,000 to Rs.1,50,000 you are eligible for a personal loan on 15.11.2026. Complete KYC to proceed: http://example.in/8698 - PaySense",No,Loan Marketing,Promotional message; no actual money movement
"Dear Customer, Rs.25,000 to Rs.25,000 loan can be credited to your Bank A/c on 07.07.2026. Instant approval: http://example.in/5646 - CASHe",No,Loan Marketing,Promotional message; no actual money movement
"Dear Customer, Rs.10,000 to Rs.1,50,000 loan offer waiting for you on 01.10.2026. Apply Now: http://example.in/1976 - CASHe",No,Loan Marketing,Promotional message; no actual money movement
"Dear Customer, Rs.5,000 to Rs.25,000 personal loan can be credited instantly on 03.04.2026. Instant approval: http://example.in/1374 - CASHe",No,Loan Marketing,Promotional message; no actual money movement
"Dear Customer, Rs.10,000 to Rs.10,000 quick loan can be disbursed on 20.05.2026. Instant approval: http://example.in/7522 - CASHe",No,Loan Marketing,Promotional message; no actual money movement
"Dear Customer, Rs.50,000 to Rs.50,000 you are eligible for a personal loan on 01.04.2026. Offer valid today: http://example.in/5654 - Navi",No,Loan Marketing,Promotional message; no actual money movement
"Dear Customer, Rs.5,000 to Rs.5,00,000 loan approved subject to verification on 11.04.2026. Instant approval: http://example.in/4224 - Navi",No,Loan Marketing,Promotional message; no actual money movement
"Dear Customer, Rs.25,000 to Rs.50,000 cash loan up to Rs.50,000 on 08.06.2026. Check if you qualify: http://example.in/6692 - KreditBee",No,Loan Marketing,Promotional message; no actual money movement
"Dear Customer, Rs.5,000 to Rs.25,000 you are eligible for a personal loan on 21.10.2026. Click to know more: http://example.in/2521 - LazyPay",No,Loan Marketing,Promotional message; no actual money movement
"Dear Customer, Rs.10,000 to Rs.5,00,000 personal loan can be credited instantly on 02.07.2026. Click to know more: http://example.in/4244 - KreditBee",No,Loan Marketing,Promotional message; no actual money movement
"Dear Customer, Rs.2,000 to Rs.1,50,000 loan can be credited to your Bank A/c on 14.03.2026. Check if you qualify: http://example.in/6332 - Kissht",No,Loan Marketing,Promotional message; no actual money movement
"Dear Customer, Rs.25,000 to Rs.5,00,000 loan can be credited to your Bank A/c on 12.03.2026. Limited period offer: http://example.in/2369 - mPokket",No,Loan Marketing,Promotional message; no actual money movement
"Dear Customer, Rs.2,000 to Rs.50,000 loan offer waiting for you on 14.01.2026. Instant approval: http://example.in/1628 - LazyPay",No,Loan Marketing,Promotional message; no actual money movement
"Dear Customer, Rs.2,000 to Rs.50,000 pre-approved loan available on 18.12.2026. Get money in minutes: http://example.in/1426 - Kissht",No,Loan Marketing,Promotional message; no actual money movement
"Dear Customer, Rs.25,000 to Rs.25,000 loan offer waiting for you on 27.03.2026. Limited period offer: http://example.in/6513 - mPokket",No,Loan Marketing,Promotional message; no actual money movement
"Dear Customer, Rs.10,000 to Rs.50,000 loan approved subject to verification on 11.06.2026. Check if you qualify: http://example.in/7620 - Kissht",No,Loan Marketing,Promotional message; no actual money movement
"Dear Customer, Rs.5,000 to Rs.5,000 loan can be credited to your Bank A/c on 23.03.2026. Instant approval: http://example.in/6287 - LazyPay",No,Loan Marketing,Promotional message; no actual money movement
"Dear Customer, Rs.2,000 to Rs.5,000 credit line available on 21.01.2026. Check if you qualify: http://example.in/6706 - PaySense",No,Loan Marketing,Promotional message; no actual money movement
"Dear Customer, Rs.10,000 to Rs.5,00,000 credit line available on 28.11.2026. Click to know more: http://example.in/4563 - mPokket",No,Loan Marketing,Promotional message; no actual money movement
"Dear Customer, Rs.25,000 to Rs.80,000 pre-approved loan available on 01.08.2026. Complete KYC to proceed: http://example.in/7425 - LazyPay",No,Loan Marketing,Promotional message; no actual money movement
"Dear Customer, Rs.5,000 to Rs.1,50,000 pre-approved loan available on 16.02.2026. Get money in minutes: http://example.in/8824 - Navi",No,Loan Marketing,Promotional message; no actual money movement
"Dear Customer, Rs.25,000 to Rs.25,000 instant cash loan available on 03.01.2026. Complete KYC to proceed: http://example.in/2672 - CASHe",No,Loan Marketing,Promotional message; no actual money movement
"Dear Customer, Rs.5,000 to Rs.80,000 cash loan up to Rs.80,000 on 11.08.2026. Click to know more: http://example.in/2202 - mPokket",No,Loan Marketing,Promotional message; no actual money movement
"Dear Customer, Rs.10,000 to Rs.50,000 loan can be credited to your Bank A/c on 05.08.2026. Check if you qualify: http://example.in/1831 - LazyPay",No,Loan Marketing,Promotional message; no actual money movement
"Dear Customer, Rs.50,000 to Rs.80,000 personal loan can be credited instantly on 21.05.2026. Offer valid today: http://example.in/7888 - mPokket",No,Loan Marketing,Promotional message; no actual money movement
"Dear Customer, Rs.2,000 to Rs.5,00,000 loan offer waiting for you on 19.11.2026. Instant approval: http://example.in/9841 - MoneyView",No,Loan Marketing,Promotional message; no actual money movement
"Dear Customer, Rs.1,50,000 to Rs.5,00,000 loan approved subject to verification on 15.02.2026. Click to know more: http://example.in/9418 - PaySense",No,Loan Marketing,Promotional message; no actual money movement
"Dear Customer, Rs.10,000 to Rs.1,50,000 credit line available on 02.11.2026. Check if you qualify: http://example.in/8984 - Kissht",No,Loan Marketing,Promotional message; no actual money movement
"Dear Customer, Rs.80,000 to Rs.80,000 quick loan can be disbursed on 28.04.2026. Get money in minutes: http://example.in/6586 - Bajaj Finserv",No,Loan Marketing,Promotional message; no actual money movement
"Dear Customer, Rs.5,000 to Rs.80,000 quick loan can be disbursed on 24.01.2026. Apply Now: http://example.in/4107 - CASHe",No,Loan Marketing,Promotional message; no actual money movement
"Dear Customer, Rs.2,000 to Rs.2,000 pre-approved loan available on 04.03.2026. Apply Now: http://example.in/6672 - Navi",No,Loan Marketing,Promotional message; no actual money movement
"Dear Customer, Rs.50,000 to Rs.50,000 pre-approved loan available on 06.05.2026. Instant approval: http://example.in/7165 - Ram Fincor",No,Loan Marketing,Promotional message; no actual money movement
"Dear Customer, Rs.50,000 to Rs.50,000 loan offer waiting for you on 21.06.2026. Click to know more: http://example.in/9932 - PaySense",No,Loan Marketing,Promotional message; no actual money movement
"Dear Customer, Rs.5,000 to Rs.10,000 loan approved subject to verification on 10.02.2026. Instant approval: http://example.in/6313 - CASHe",No,Loan Marketing,Promotional message; no actual money movement
"Dear Customer, Rs.2,000 to Rs.25,000 loan approved subject to verification on 26.12.2026. Apply Now: http://example.in/2086 - PaySense",No,Loan Marketing,Promotional message; no actual money movement
"Dear Customer, Rs.5,00,000 to Rs.5,00,000 personal loan can be credited instantly on 09.05.2026. Complete KYC to proceed: http://example.in/7299 - MoneyView",No,Loan Marketing,Promotional message; no actual money movement
"Dear Customer, Rs.50,000 to Rs.5,00,000 loan can be credited to your Bank A/c on 06.01.2026. Click to know more: http://example.in/3292 - Kissht",No,Loan Marketing,Promotional message; no actual money movement
"Dear Customer, Rs.10,000 to Rs.25,000 loan can be credited to your Bank A/c on 20.02.2026. Get money in minutes: http://example.in/6330 - Bajaj Finserv",No,Loan Marketing,Promotional message; no actual money movement
"Dear Customer, Rs.10,000 to Rs.10,000 pre-approved loan available on 14.02.2026. Offer valid today: http://example.in/5008 - LazyPay",No,Loan Marketing,Promotional message; no actual money movement
"Dear Customer, Rs.25,000 to Rs.50,000 cash loan up to Rs.50,000 on 25.09.2026. Get money in minutes: http://example.in/1193 - Ram Fincor",No,Loan Marketing,Promotional message; no actual money movement
"Dear Customer, Rs.2,000 to Rs.1,50,000 instant cash loan available on 04.03.2026. Apply Now: http://example.in/7450 - PaySense",No,Loan Marketing,Promotional message; no actual money movement
"Dear Customer, Rs.25,000 to Rs.50,000 loan offer waiting for you on 27.02.2026. Click to know more: http://example.in/5449 - CASHe",No,Loan Marketing,Promotional message; no actual money movement
"Dear Customer, Rs.2,000 to Rs.5,000 cash loan up to Rs.5,000 on 06.03.2026. Click to know more: http://example.in/1671 - CASHe",No,Loan Marketing,Promotional message; no actual money movement
"Dear Customer, Rs.5,000 to Rs.80,000 cash loan up to Rs.80,000 on 22.08.2026. Check if you qualify: http://example.in/7424 - LazyPay",No,Loan Marketing,Promotional message; no actual money movement
"Dear Customer, Rs.50,000 to Rs.5,00,000 instant cash loan available on 18.05.2026. Get money in minutes: http://example.in/3625 - mPokket",No,Loan Marketing,Promotional message; no actual money movement
"Dear Customer, Rs.2,000 to Rs.10,000 quick loan can be disbursed on 03.07.2026. Click to know more: http://example.in/7024 - Bajaj Finserv",No,Loan Marketing,Promotional message; no actual money movement
"Dear Customer, Rs.25,000 to Rs.25,000 quick loan can be disbursed on 28.09.2026. Offer valid today: http://example.in/1420 - KreditBee",No,Loan Marketing,Promotional message; no actual money movement
"Dear Customer, Rs.10,000 to Rs.25,000 personal loan can be credited instantly on 21.08.2026. Instant approval: http://example.in/7853 - mPokket",No,Loan Marketing,Promotional message; no actual money movement
"Dear Customer, Rs.25,000 to Rs.5,00,000 quick loan can be disbursed on 24.07.2026. Instant approval: http://example.in/4466 - mPokket",No,Loan Marketing,Promotional message; no actual money movement
"Dear Customer, Rs.2,000 to Rs.2,000 loan approved subject to verification on 11.08.2026. Click to know more: http://example.in/8539 - KreditBee",No,Loan Marketing,Promotional message; no actual money movement
"Dear Customer, Rs.5,000 to Rs.10,000 cash loan up to Rs.10,000 on 14.12.2026. Offer valid today: http://example.in/5831 - mPokket",No,Loan Marketing,Promotional message; no actual money movement
"Dear Customer, Rs.25,000 to Rs.5,00,000 cash loan up to Rs.5,00,000 on 25.10.2026. Apply Now: http://example.in/3337 - mPokket",No,Loan Marketing,Promotional message; no actual money movement
"Dear Customer, Rs.2,000 to Rs.50,000 loan offer waiting for you on 11.12.2026. Click to know more: http://example.in/8782 - KreditBee",No,Loan Marketing,Promotional message; no actual money movement
"Dear Customer, Rs.2,000 to Rs.1,50,000 loan offer waiting for you on 14.07.2026. Offer valid today: http://example.in/2627 - CASHe",No,Loan Marketing,Promotional message; no actual money movement
"Dear Customer, Rs.2,000 to Rs.50,000 quick loan can be disbursed on 08.05.2026. Offer valid today: http://example.in/1763 - Kissht",No,Loan Marketing,Promotional message; no actual money movement
"Dear Customer, Rs.2,000 to Rs.50,000 cash loan up to Rs.50,000 on 22.08.2026. Apply Now: http://example.in/2420 - CASHe",No,Loan Marketing,Promotional message; no actual money movement
"Dear Customer, Rs.80,000 to Rs.5,00,000 loan approved subject to verification on 26.07.2026. Instant approval: http://example.in/4876 - KreditBee",No,Loan Marketing,Promotional message; no actual money movement
"Dear Customer, Rs.10,000 to Rs.5,00,000 cash loan up to Rs.5,00,000 on 04.03.2026. Limited period offer: http://example.in/5039 - MoneyView",No,Loan Marketing,Promotional message; no actual money movement
"Dear Customer, Rs.80,000 to Rs.80,000 cash loan up to Rs.80,000 on 08.07.2026. Get money in minutes: http://example.in/1666 - Bajaj Finserv",No,Loan Marketing,Promotional message; no actual money movement
"Dear Customer, Rs.10,000 to Rs.1,50,000 pre-approved loan available on 16.10.2026. Get money in minutes: http://example.in/9496 - CASHe",No,Loan Marketing,Promotional message; no actual money movement
"Dear Customer, Rs.10,000 to Rs.80,000 quick loan can be disbursed on 11.11.2026. Get money in minutes: http://example.in/2334 - MoneyView",No,Loan Marketing,Promotional message; no actual money movement
"Dear Customer, Rs.80,000 to Rs.5,00,000 loan can be credited to your Bank A/c on 08.11.2026. Apply Now: http://example.in/4261 - MoneyView",No,Loan Marketing,Promotional message; no actual money movement
"Dear Customer, Rs.5,000 to Rs.10,000 loan offer waiting for you on 01.09.2026. Complete KYC to proceed: http://example.in/4995 - KreditBee",No,Loan Marketing,Promotional message; no actual money movement
"Dear Customer, Rs.5,000 to Rs.50,000 personal loan can be credited instantly on 13.12.2026. Get money in minutes: http://example.in/2363 - Ram Fincor",No,Loan Marketing,Promotional message; no actual money movement
"Dear Customer, Rs.25,000 to Rs.1,50,000 personal loan can be credited instantly on 25.12.2026. Complete KYC to proceed: http://example.in/2751 - CASHe",No,Loan Marketing,Promotional message; no actual money movement
"Dear Customer, Rs.2,000 to Rs.10,000 cash loan up to Rs.10,000 on 18.02.2026. Get money in minutes: http://example.in/3409 - KreditBee",No,Loan Marketing,Promotional message; no actual money movement
"Dear Customer, Rs.50,000 to Rs.80,000 you are eligible for a personal loan on 14.09.2026. Offer valid today: http://example.in/2322 - Ram Fincor",No,Loan Marketing,Promotional message; no actual money movement
"Dear Customer, Rs.25,000 to Rs.80,000 loan can be credited to your Bank A/c on 05.09.2026. Offer valid today: http://example.in/9737 - KreditBee",No,Loan Marketing,Promotional message; no actual money movement
"Dear Customer, Rs.2,000 to Rs.80,000 credit line available on 09.04.2026. Get money in minutes: http://example.in/4879 - Ram Fincor",No,Loan Marketing,Promotional message; no actual money movement
"Dear Customer, Rs.25,000 to Rs.25,000 personal loan can be credited instantly on 17.10.2026. Check if you qualify: http://example.in/6404 - Bajaj Finserv",No,Loan Marketing,Promotional message; no actual money movement
"Dear Customer, Rs.10,000 to Rs.1,50,000 loan offer waiting for you on 22.11.2026. Click to know more: http://example.in/1861 - Navi",No,Loan Marketing,Promotional message; no actual money movement
"Dear Customer, Rs.10,000 to Rs.80,000 you are eligible for a personal loan on 08.06.2026. Check if you qualify: http://example.in/5983 - LazyPay",No,Loan Marketing,Promotional message; no actual money movement
"Dear Customer, Rs.2,000 to Rs.50,000 pre-approved loan available on 23.03.2026. Check if you qualify: http://example.in/9690 - Kissht",No,Loan Marketing,Promotional message; no actual money movement
"Dear Customer, Rs.2,000 to Rs.25,000 cash loan up to Rs.25,000 on 05.10.2026. Offer valid today: http://example.in/7758 - KreditBee",No,Loan Marketing,Promotional message; no actual money movement
"Dear Customer, Rs.50,000 to Rs.80,000 loan offer waiting for you on 19.02.2026. Complete KYC to proceed: http://example.in/3309 - LazyPay",No,Loan Marketing,Promotional message; no actual money movement
"Dear Customer, Rs.5,000 to Rs.5,00,000 credit line available on 08.01.2026. Check if you qualify: http://example.in/5741 - PaySense",No,Loan Marketing,Promotional message; no actual money movement
"Dear Customer, Rs.25,000 to Rs.5,00,000 cash loan up to Rs.5,00,000 on 01.07.2026. Complete KYC to proceed: http://example.in/8103 - MoneyView",No,Loan Marketing,Promotional message; no actual money movement
"Dear Customer, Rs.25,000 to Rs.50,000 loan offer waiting for you on 07.01.2026. Get money in minutes: http://example.in/4598 - Navi",No,Loan Marketing,Promotional message; no actual money movement
"Dear Customer, Rs.2,000 to Rs.1,50,000 credit line available on 23.10.2026. Limited period offer: http://example.in/3039 - Kissht",No,Loan Marketing,Promotional message; no actual money movement
"Dear Customer, Rs.25,000 to Rs.25,000 you are eligible for a personal loan on 22.12.2026. Apply Now: http://example.in/3778 - LazyPay",No,Loan Marketing,Promotional message; no actual money movement
"Dear Customer, Rs.2,000 to Rs.5,000 you are eligible for a personal loan on 01.08.2026. Apply Now: http://example.in/7096 - CASHe",No,Loan Marketing,Promotional message; no actual money movement
"Dear Customer, Rs.2,000 to Rs.5,00,000 loan offer waiting for you on 21.06.2026. Instant approval: http://example.in/6743 - Bajaj Finserv",No,Loan Marketing,Promotional message; no actual money movement
"Dear Customer, Rs.25,000 to Rs.50,000 loan can be credited to your Bank A/c on 02.03.2026. Instant approval: http://example.in/1910 - MoneyView",No,Loan Marketing,Promotional message; no actual money movement
"Dear Customer, Rs.25,000 to Rs.1,50,000 personal loan can be credited instantly on 15.03.2026. Instant approval: http://example.in/3120 - CASHe",No,Loan Marketing,Promotional message; no actual money movement
"Dear Customer, Rs.5,000 to Rs.80,000 quick loan can be disbursed on 22.05.2026. Click to know more: http://example.in/4426 - PaySense",No,Loan Marketing,Promotional message; no actual money movement
"Dear Customer, Rs.25,000 to Rs.50,000 instant cash loan available on 04.04.2026. Apply Now: http://example.in/5962 - Kissht",No,Loan Marketing,Promotional message; no actual money movement
"Dear Customer, Rs.5,000 to Rs.25,000 personal loan can be credited instantly on 13.02.2026. Check if you qualify: http://example.in/4640 - Navi",No,Loan Marketing,Promotional message; no actual money movement
"Dear Customer, Rs.2,000 to Rs.10,000 instant cash loan available on 20.08.2026. Offer valid today: http://example.in/3917 - PaySense",No,Loan Marketing,Promotional message; no actual money movement
"Dear Customer, Rs.25,000 to Rs.50,000 pre-approved loan available on 08.04.2026. Check if you qualify: http://example.in/3827 - Navi",No,Loan Marketing,Promotional message; no actual money movement
"Dear Customer, Rs.5,000 to Rs.10,000 loan approved subject to verification on 27.08.2026. Get money in minutes: http://example.in/8648 - LazyPay",No,Loan Marketing,Promotional message; no actual money movement
"Dear Customer, Rs.10,000 to Rs.5,00,000 personal loan can be credited instantly on 26.08.2026. Limited period offer: http://example.in/6975 - Bajaj Finserv",No,Loan Marketing,Promotional message; no actual money movement
"Dear Customer, Rs.10,000 to Rs.80,000 loan approved subject to verification on 23.03.2026. Get money in minutes: http://example.in/8484 - KreditBee",No,Loan Marketing,Promotional message; no actual money movement
"Dear Customer, Rs.10,000 to Rs.80,000 instant cash loan available on 14.02.2026. Complete KYC to proceed: http://example.in/1761 - Navi",No,Loan Marketing,Promotional message; no actual money movement
"Dear Customer, Rs.50,000 to Rs.5,00,000 loan offer waiting for you on 19.11.2026. Instant approval: http://example.in/5939 - mPokket",No,Loan Marketing,Promotional message; no actual money movement
"Dear Customer, Rs.10,000 to Rs.5,00,000 you are eligible for a personal loan on 05.12.2026. Click to know more: http://example.in/5746 - KreditBee",No,Loan Marketing,Promotional message; no actual money movement
"Dear Customer, Rs.2,000 to Rs.50,000 loan offer waiting for you on 08.06.2026. Offer valid today: http://example.in/1715 - Bajaj Finserv",No,Loan Marketing,Promotional message; no actual money movement
"Dear Customer, Rs.2,000 to Rs.5,000 cash loan up to Rs.5,000 on 17.09.2026. Get money in minutes: http://example.in/6667 - Bajaj Finserv",No,Loan Marketing,Promotional message; no actual money movement
"Dear Customer, Rs.50,000 to Rs.80,000 pre-approved loan available on 23.06.2026. Instant approval: http://example.in/8783 - LazyPay",No,Loan Marketing,Promotional message; no actual money movement
"Dear Customer, Rs.5,000 to Rs.10,000 credit line available on 13.02.2026. Complete KYC to proceed: http://example.in/1414 - LazyPay",No,Loan Marketing,Promotional message; no actual money movement
"Dear Customer, Rs.10,000 to Rs.5,00,000 credit line available on 21.10.2026. Click to know more: http://example.in/3106 - CASHe",No,Loan Marketing,Promotional message; no actual money movement
"Dear Customer, Rs.5,000 to Rs.80,000 you are eligible for a personal loan on 23.12.2026. Check if you qualify: http://example.in/2030 - mPokket",No,Loan Marketing,Promotional message; no actual money movement
"Dear Customer, Rs.5,000 to Rs.5,000 instant cash loan available on 02.01.2026. Get money in minutes: http://example.in/1775 - Ram Fincor",No,Loan Marketing,Promotional message; no actual money movement
"Dear Customer, Rs.25,000 to Rs.50,000 cash loan up to Rs.50,000 on 15.01.2026. Limited period offer: http://example.in/4976 - Bajaj Finserv",No,Loan Marketing,Promotional message; no actual money movement
"Dear Customer, Rs.50,000 to Rs.50,000 personal loan can be credited instantly on 19.01.2026. Get money in minutes: http://example.in/7334 - PaySense",No,Loan Marketing,Promotional message; no actual money movement
"Dear Customer, Rs.2,000 to Rs.5,00,000 you are eligible for a personal loan on 01.05.2026. Get money in minutes: http://example.in/3406 - Kissht",No,Loan Marketing,Promotional message; no actual money movement
"Dear Customer, Rs.10,000 to Rs.5,00,000 pre-approved loan available on 18.01.2026. Get money in minutes: http://example.in/1072 - PaySense",No,Loan Marketing,Promotional message; no actual money movement
"Dear Customer, Rs.2,000 to Rs.5,00,000 loan can be credited to your Bank A/c on 18.04.2026. Complete KYC to proceed: http://example.in/4943 - CASHe",No,Loan Marketing,Promotional message; no actual money movement
"Dear Customer, Rs.5,000 to Rs.1,50,000 credit line available on 17.04.2026. Check if you qualify: http://example.in/8618 - Ram Fincor",No,Loan Marketing,Promotional message; no actual money movement
"Dear Customer, Rs.2,000 to Rs.5,00,000 personal loan can be credited instantly on 13.12.2026. Get money in minutes: http://example.in/1139 - mPokket",No,Loan Marketing,Promotional message; no actual money movement
"Dear Customer, Rs.10,000 to Rs.25,000 pre-approved loan available on 23.12.2026. Click to know more: http://example.in/9062 - KreditBee",No,Loan Marketing,Promotional message; no actual money movement
"Dear Customer, Rs.25,000 to Rs.50,000 loan approved subject to verification on 11.12.2026. Click to know more: http://example.in/3499 - Navi",No,Loan Marketing,Promotional message; no actual money movement
"Dear Customer, Rs.5,000 to Rs.5,000 loan offer waiting for you on 24.10.2026. Check if you qualify: http://example.in/2882 - KreditBee",No,Loan Marketing,Promotional message; no actual money movement
"Dear Customer, Rs.2,000 to Rs.10,000 cash loan up to Rs.10,000 on 26.10.2026. Limited period offer: http://example.in/5889 - KreditBee",No,Loan Marketing,Promotional message; no actual money movement
"Dear Customer, Rs.25,000 to Rs.5,00,000 pre-approved loan available on 14.04.2026. Check if you qualify: http://example.in/7473 - LazyPay",No,Loan Marketing,Promotional message; no actual money movement
"Dear Customer, Rs.10,000 to Rs.80,000 quick loan can be disbursed on 01.03.2026. Limited period offer: http://example.in/2750 - CASHe",No,Loan Marketing,Promotional message; no actual money movement
"Dear Customer, Rs.50,000 to Rs.50,000 you are eligible for a personal loan on 01.03.2026. Instant approval: http://example.in/6513 - Navi",No,Loan Marketing,Promotional message; no actual money movement
"Dear Customer, Rs.25,000 to Rs.50,000 personal loan can be credited instantly on 01.12.2026. Apply Now: http://example.in/3283 - KreditBee",No,Loan Marketing,Promotional message; no actual money movement
"Dear Customer, Rs.5,000 to Rs.1,50,000 loan offer waiting for you on 26.01.2026. Check if you qualify: http://example.in/8591 - MoneyView",No,Loan Marketing,Promotional message; no actual money movement
"Dear Customer, Rs.10,000 to Rs.1,50,000 loan can be credited to your Bank A/c on 16.05.2026. Instant approval: http://example.in/7317 - Bajaj Finserv",No,Loan Marketing,Promotional message; no actual money movement
"Dear Customer, Rs.25,000 to Rs.80,000 pre-approved loan available on 13.05.2026. Get money in minutes: http://example.in/6452 - LazyPay",No,Loan Marketing,Promotional message; no actual money movement
"Dear Customer, Rs.25,000 to Rs.50,000 pre-approved loan available on 18.10.2026. Instant approval: http://example.in/9323 - Kissht",No,Loan Marketing,Promotional message; no actual money movement
"Dear Customer, Rs.10,000 to Rs.80,000 quick loan can be disbursed on 18.09.2026. Instant approval: http://example.in/5695 - PaySense",No,Loan Marketing,Promotional message; no actual money movement
"Dear Customer, Rs.25,000 to Rs.1,50,000 you are eligible for a personal loan on 12.05.2026. Check if you qualify: http://example.in/5924 - Bajaj Finserv",No,Loan Marketing,Promotional message; no actual money movement
"Dear Customer, Rs.5,000 to Rs.50,000 quick loan can be disbursed on 20.03.2026. Offer valid today: http://example.in/3145 - Kissht",No,Loan Marketing,Promotional message; no actual money movement
"Dear Customer, Rs.50,000 to Rs.1,50,000 personal loan can be credited instantly on 25.05.2026. Offer valid today: http://example.in/5220 - LazyPay",No,Loan Marketing,Promotional message; no actual money movement
"Dear Customer, Rs.2,000 to Rs.1,50,000 cash loan up to Rs.1,50,000 on 07.07.2026. Apply Now: http://example.in/8691 - Navi",No,Loan Marketing,Promotional message; no actual money movement
"Dear Customer, Rs.80,000 to Rs.1,50,000 cash loan up to Rs.1,50,000 on 08.01.2026. Instant approval: http://example.in/5654 - CASHe",No,Loan Marketing,Promotional message; no actual money movement
"Dear Customer, Rs.2,000 to Rs.5,00,000 instant cash loan available on 27.07.2026. Apply Now: http://example.in/2499 - mPokket",No,Loan Marketing,Promotional message; no actual money movement
"Dear Customer, Rs.2,000 to Rs.10,000 credit line available on 08.02.2026. Apply Now: http://example.in/9254 - CASHe",No,Loan Marketing,Promotional message; no actual money movement
"Dear Customer, Rs.80,000 to Rs.1,50,000 loan approved subject to verification on 17.06.2026. Get money in minutes: http://example.in/8791 - CASHe",No,Loan Marketing,Promotional message; no actual money movement
"Dear Customer, Rs.10,000 to Rs.1,50,000 pre-approved loan available on 23.02.2026. Check if you qualify: http://example.in/6241 - LazyPay",No,Loan Marketing,Promotional message; no actual money movement
"Dear Customer, Rs.2,000 to Rs.1,50,000 loan offer waiting for you on 16.11.2026. Apply Now: http://example.in/9335 - CASHe",No,Loan Marketing,Promotional message; no actual money movement
"Dear Customer, Rs.50,000 to Rs.5,00,000 loan offer waiting for you on 22.06.2026. Check if you qualify: http://example.in/3150 - Navi",No,Loan Marketing,Promotional message; no actual money movement
"Dear Customer, Rs.2,000 to Rs.10,000 personal loan can be credited instantly on 12.04.2026. Apply Now: http://example.in/5536 - Ram Fincor",No,Loan Marketing,Promotional message; no actual money movement
"Dear Customer, Rs.2,000 to Rs.50,000 cash loan up to Rs.50,000 on 27.06.2026. Offer valid today: http://example.in/8995 - PaySense",No,Loan Marketing,Promotional message; no actual money movement
"Dear Customer, Rs.25,000 to Rs.80,000 loan can be credited to your Bank A/c on 22.02.2026. Limited period offer: http://example.in/1093 - MoneyView",No,Loan Marketing,Promotional message; no actual money movement
"Dear Customer, Rs.2,000 to Rs.25,000 cash loan up to Rs.25,000 on 20.10.2026. Apply Now: http://example.in/4668 - CASHe",No,Loan Marketing,Promotional message; no actual money movement
"Dear Customer, Rs.50,000 to Rs.5,00,000 pre-approved loan available on 08.09.2026. Complete KYC to proceed: http://example.in/8482 - Bajaj Finserv",No,Loan Marketing,Promotional message; no actual money movement
"Dear Customer, Rs.25,000 to Rs.80,000 quick loan can be disbursed on 14.12.2026. Instant approval: http://example.in/9749 - mPokket",No,Loan Marketing,Promotional message; no actual money movement
"Dear Customer, Rs.5,000 to Rs.50,000 loan offer waiting for you on 05.02.2026. Limited period offer: http://example.in/5370 - CASHe",No,Loan Marketing,Promotional message; no actual money movement
"Dear Customer, Rs.2,000 to Rs.50,000 loan offer waiting for you on 15.03.2026. Get money in minutes: http://example.in/9942 - Navi",No,Loan Marketing,Promotional message; no actual money movement
"Dear Customer, Rs.5,000 to Rs.10,000 loan offer waiting for you on 07.10.2026. Instant approval: http://example.in/9010 - Bajaj Finserv",No,Loan Marketing,Promotional message; no actual money movement
"Dear Customer, Rs.2,000 to Rs.5,000 personal loan can be credited instantly on 03.01.2026. Get money in minutes: http://example.in/3619 - LazyPay",No,Loan Marketing,Promotional message; no actual money movement
"Dear Customer, Rs.2,000 to Rs.80,000 loan approved subject to verification on 25.04.2026. Offer valid today: http://example.in/9045 - Ram Fincor",No,Loan Marketing,Promotional message; no actual money movement
"Dear Customer, Rs.10,000 to Rs.5,00,000 you are eligible for a personal loan on 05.11.2026. Complete KYC to proceed: http://example.in/7808 - Navi",No,Loan Marketing,Promotional message; no actual money movement
"Dear Customer, Rs.2,000 to Rs.5,000 loan approved subject to verification on 21.02.2026. Click to know more: http://example.in/3328 - LazyPay",No,Loan Marketing,Promotional message; no actual money movement
"Dear Customer, Rs.10,000 to Rs.50,000 you are eligible for a personal loan on 24.10.2026. Instant approval: http://example.in/1522 - KreditBee",No,Loan Marketing,Promotional message; no actual money movement
"Dear Customer, Rs.25,000 to Rs.1,50,000 loan approved subject to verification on 09.02.2026. Click to know more: http://example.in/6668 - Kissht",No,Loan Marketing,Promotional message; no actual money movement
"Dear Customer, Rs.2,000 to Rs.50,000 quick loan can be disbursed on 22.04.2026. Limited period offer: http://example.in/7171 - KreditBee",No,Loan Marketing,Promotional message; no actual money movement
"Dear Customer, Rs.2,000 to Rs.1,50,000 quick loan can be disbursed on 02.10.2026. Apply Now: http://example.in/2292 - CASHe",No,Loan Marketing,Promotional message; no actual money movement
"Dear Customer, Rs.5,000 to Rs.1,50,000 personal loan can be credited instantly on 04.12.2026. Apply Now: http://example.in/5125 - Ram Fincor",No,Loan Marketing,Promotional message; no actual money movement
"Dear Customer, Rs.2,000 to Rs.50,000 credit line available on 08.06.2026. Get money in minutes: http://example.in/1049 - LazyPay",No,Loan Marketing,Promotional message; no actual money movement
"Dear Customer, Rs.2,000 to Rs.25,000 you are eligible for a personal loan on 20.08.2026. Complete KYC to proceed: http://example.in/8565 - PaySense",No,Loan Marketing,Promotional message; no actual money movement
"Dear Customer, Rs.10,000 to Rs.80,000 loan approved subject to verification on 25.07.2026. Apply Now: http://example.in/9929 - LazyPay",No,Loan Marketing,Promotional message; no actual money movement
"Dear Customer, Rs.10,000 to Rs.50,000 pre-approved loan available on 09.04.2026. Get money in minutes: http://example.in/1705 - KreditBee",No,Loan Marketing,Promotional message; no actual money movement
"Dear Customer, Rs.25,000 to Rs.25,000 credit line available on 06.10.2026. Offer valid today: http://example.in/6535 - Ram Fincor",No,Loan Marketing,Promotional message; no actual money movement
"Dear Customer, Rs.2,000 to Rs.25,000 credit line available on 09.01.2026. Complete KYC to proceed: http://example.in/5683 - mPokket",No,Loan Marketing,Promotional message; no actual money movement
"Dear Customer, Rs.5,000 to Rs.80,000 pre-approved loan available on 12.12.2026. Apply Now: http://example.in/4618 - KreditBee",No,Loan Marketing,Promotional message; no actual money movement
"Dear Customer, Rs.2,000 to Rs.5,000 cash loan up to Rs.5,000 on 10.12.2026. Click to know more: http://example.in/2175 - Bajaj Finserv",No,Loan Marketing,Promotional message; no actual money movement
"Dear Customer, Rs.5,000 to Rs.80,000 instant cash loan available on 10.01.2026. Limited period offer: http://example.in/9194 - Kissht",No,Loan Marketing,Promotional message; no actual money movement
"Dear Customer, Rs.25,000 to Rs.50,000 you are eligible for a personal loan on 10.01.2026. Get money in minutes: http://example.in/6227 - Ram Fincor",No,Loan Marketing,Promotional message; no actual money movement
"Dear Customer, Rs.2,000 to Rs.50,000 quick loan can be disbursed on 18.05.2026. Apply Now: http://example.in/8681 - PaySense",No,Loan Marketing,Promotional message; no actual money movement
"Dear Customer, Rs.5,00,000 to Rs.5,00,000 cash loan up to Rs.5,00,000 on 21.01.2026. Click to know more: http://example.in/4426 - mPokket",No,Loan Marketing,Promotional message; no actual money movement
"Dear Customer, Rs.5,000 to Rs.50,000 credit line available on 03.02.2026. Check if you qualify: http://example.in/1909 - KreditBee",No,Loan Marketing,Promotional message; no actual money movement
"Dear Customer, Rs.50,000 to Rs.50,000 loan can be credited to your Bank A/c on 13.05.2026. Instant approval: http://example.in/9966 - LazyPay",No,Loan Marketing,Promotional message; no actual money movement
"Dear Customer, Rs.25,000 to Rs.1,50,000 personal loan can be credited instantly on 12.11.2026. Click to know more: http://example.in/5584 - PaySense",No,Loan Marketing,Promotional message; no actual money movement
"Dear Customer, Rs.2,000 to Rs.25,000 you are eligible for a personal loan on 13.02.2026. Instant approval: http://example.in/9092 - Kissht",No,Loan Marketing,Promotional message; no actual money movement
"Dear Customer, Rs.1,50,000 to Rs.5,00,000 credit line available on 25.08.2026. Click to know more: http://example.in/1464 - KreditBee",No,Loan Marketing,Promotional message; no actual money movement
"Dear Customer, Rs.2,000 to Rs.5,00,000 loan can be credited to your Bank A/c on 05.11.2026. Click to know more: http://example.in/4099 - PaySense",No,Loan Marketing,Promotional message; no actual money movement
"Dear Customer, Rs.5,000 to Rs.80,000 credit line available on 25.08.2026. Apply Now: http://example.in/8272 - MoneyView",No,Loan Marketing,Promotional message; no actual money movement
"Dear Customer, Rs.25,000 to Rs.25,000 loan can be credited to your Bank A/c on 16.10.2026. Limited period offer: http://example.in/5170 - LazyPay",No,Loan Marketing,Promotional message; no actual money movement
"Dear Customer, Rs.2,000 to Rs.5,00,000 personal loan can be credited instantly on 01.09.2026. Check if you qualify: http://example.in/6000 - MoneyView",No,Loan Marketing,Promotional message; no actual money movement
"Dear Customer, Rs.25,000 to Rs.1,50,000 loan approved subject to verification on 21.06.2026. Apply Now: http://example.in/9096 - PaySense",No,Loan Marketing,Promotional message; no actual money movement
"Dear Customer, Rs.2,000 to Rs.80,000 you are eligible for a personal loan on 27.08.2026. Complete KYC to proceed: http://example.in/6521 - PaySense",No,Loan Marketing,Promotional message; no actual money movement
"Dear Customer, Rs.50,000 to Rs.5,00,000 loan offer waiting for you on 13.08.2026. Click to know more: http://example.in/5895 - Navi",No,Loan Marketing,Promotional message; no actual money movement
"Dear Customer, Rs.5,000 to Rs.10,000 loan can be credited to your Bank A/c on 26.12.2026. Instant approval: http://example.in/6401 - mPokket",No,Loan Marketing,Promotional message; no actual money movement
"Dear Customer, Rs.50,000 to Rs.80,000 loan offer waiting for you on 15.03.2026. Instant approval: http://example.in/2882 - CASHe",No,Loan Marketing,Promotional message; no actual money movement
"Dear Customer, Rs.10,000 to Rs.10,000 loan approved subject to verification on 23.11.2026. Complete KYC to proceed: http://example.in/4220 - Ram Fincor",No,Loan Marketing,Promotional message; no actual money movement
"Dear Customer, Rs.1,50,000 to Rs.1,50,000 you are eligible for a personal loan on 02.08.2026. Offer valid today: http://example.in/9367 - Ram Fincor",No,Loan Marketing,Promotional message; no actual money movement
"Dear Customer, Rs.25,000 to Rs.1,50,000 loan offer waiting for you on 26.07.2026. Click to know more: http://example.in/1345 - PaySense",No,Loan Marketing,Promotional message; no actual money movement
"Dear Customer, Rs.10,000 to Rs.5,00,000 personal loan can be credited instantly on 16.09.2026. Complete KYC to proceed: http://example.in/3004 - Bajaj Finserv",No,Loan Marketing,Promotional message; no actual money movement
"Dear Customer, Rs.5,000 to Rs.80,000 loan offer waiting for you on 23.11.2026. Complete KYC to proceed: http://example.in/2868 - mPokket",No,Loan Marketing,Promotional message; no actual money movement
"Dear Customer, Rs.25,000 to Rs.1,50,000 instant cash loan available on 17.12.2026. Offer valid today: http://example.in/3340 - CASHe",No,Loan Marketing,Promotional message; no actual money movement
"Dear Customer, Rs.2,000 to Rs.5,00,000 quick loan can be disbursed on 17.02.2026. Instant approval: http://example.in/9496 - PaySense",No,Loan Marketing,Promotional message; no actual money movement
"Dear Customer, Rs.2,000 to Rs.10,000 cash loan up to Rs.10,000 on 05.07.2026. Instant approval: http://example.in/8423 - Navi",No,Loan Marketing,Promotional message; no actual money movement
"Dear Customer, Rs.80,000 to Rs.1,50,000 loan approved subject to verification on 03.06.2026. Click to know more: http://example.in/2363 - LazyPay",No,Loan Marketing,Promotional message; no actual money movement
"Dear Customer, Rs.5,000 to Rs.80,000 loan approved subject to verification on 08.10.2026. Limited period offer: http://example.in/9524 - KreditBee",No,Loan Marketing,Promotional message; no actual money movement
"Dear Customer, Rs.10,000 to Rs.1,50,000 loan can be credited to your Bank A/c on 03.05.2026. Click to know more: http://example.in/2948 - MoneyView",No,Loan Marketing,Promotional message; no actual money movement
"Dear Customer, Rs.10,000 to Rs.1,50,000 loan offer waiting for you on 06.06.2026. Instant approval: http://example.in/6707 - Kissht",No,Loan Marketing,Promotional message; no actual money movement
"Dear Customer, Rs.25,000 to Rs.80,000 personal loan can be credited instantly on 05.03.2026. Click to know more: http://example.in/8698 - KreditBee",No,Loan Marketing,Promotional message; no actual money movement
"Dear Customer, Rs.80,000 to Rs.1,50,000 personal loan can be credited instantly on 15.02.2026. Check if you qualify: http://example.in/2140 - Bajaj Finserv",No,Loan Marketing,Promotional message; no actual money movement
"Dear Customer, Rs.5,000 to Rs.25,000 you are eligible for a personal loan on 25.11.2026. Check if you qualify: http://example.in/9610 - CASHe",No,Loan Marketing,Promotional message; no actual money movement
"Dear Customer, Rs.50,000 to Rs.1,50,000 personal loan can be credited instantly on 14.01.2026. Check if you qualify: http://example.in/9908 - Kissht",No,Loan Marketing,Promotional message; no actual money movement
"Dear Customer, Rs.10,000 to Rs.50,000 credit line available on 27.01.2026. Get money in minutes: http://example.in/8768 - LazyPay",No,Loan Marketing,Promotional message; no actual money movement
"Dear Customer, Rs.5,000 to Rs.1,50,000 cash loan up to Rs.1,50,000 on 09.04.2026. Click to know more: http://example.in/1725 - Ram Fincor",No,Loan Marketing,Promotional message; no actual money movement
"Dear Customer, Rs.10,000 to Rs.25,000 instant cash loan available on 11.08.2026. Check if you qualify: http://example.in/5228 - LazyPay",No,Loan Marketing,Promotional message; no actual money movement
"Dear Customer, Rs.10,000 to Rs.80,000 quick loan can be disbursed on 06.03.2026. Complete KYC to proceed: http://example.in/5899 - Kissht",No,Loan Marketing,Promotional message; no actual money movement
"Dear Customer, Rs.2,000 to Rs.80,000 personal loan can be credited instantly on 15.02.2026. Instant approval: http://example.in/9683 - Bajaj Finserv",No,Loan Marketing,Promotional message; no actual money movement
"Dear Customer, Rs.25,000 to Rs.1,50,000 loan can be credited to your Bank A/c on 27.07.2026. Check if you qualify: http://example.in/9505 - KreditBee",No,Loan Marketing,Promotional message; no actual money movement
"Dear Customer, Rs.80,000 to Rs.5,00,000 quick loan can be disbursed on 09.05.2026. Instant approval: http://example.in/1217 - Kissht",No,Loan Marketing,Promotional message; no actual money movement
"Dear Customer, Rs.5,000 to Rs.80,000 instant cash loan available on 05.02.2026. Complete KYC to proceed: http://example.in/2150 - mPokket",No,Loan Marketing,Promotional message; no actual money movement
"Dear Customer, Rs.2,000 to Rs.50,000 you are eligible for a personal loan on 22.10.2026. Offer valid today: http://example.in/7582 - MoneyView",No,Loan Marketing,Promotional message; no actual money movement
"Dear Customer, Rs.5,000 to Rs.5,00,000 you are eligible for a personal loan on 10.03.2026. Click to know more: http://example.in/9255 - Navi",No,Loan Marketing,Promotional message; no actual money movement
"Dear Customer, Rs.2,000 to Rs.5,000 cash loan up to Rs.5,000 on 16.03.2026. Offer valid today: http://example.in/4600 - MoneyView",No,Loan Marketing,Promotional message; no actual money movement
"Dear Customer, Rs.25,000 to Rs.80,000 cash loan up to Rs.80,000 on 21.11.2026. Complete KYC to proceed: http://example.in/2168 - Kissht",No,Loan Marketing,Promotional message; no actual money movement
"Dear Customer, Rs.80,000 to Rs.80,000 cash loan up to Rs.80,000 on 10.05.2026. Get money in minutes: http://example.in/5891 - Ram Fincor",No,Loan Marketing,Promotional message; no actual money movement
"Dear Customer, Rs.10,000 to Rs.10,000 pre-approved loan available on 27.11.2026. Click to know more: http://example.in/4259 - Ram Fincor",No,Loan Marketing,Promotional message; no actual money movement
"Dear Customer, Rs.5,000 to Rs.25,000 instant cash loan available on 13.03.2026. Get money in minutes: http://example.in/4744 - MoneyView",No,Loan Marketing,Promotional message; no actual money movement
"Dear Customer, Rs.50,000 to Rs.1,50,000 credit line available on 06.02.2026. Offer valid today: http://example.in/8758 - PaySense",No,Loan Marketing,Promotional message; no actual money movement
"Dear Customer, Rs.50,000 to Rs.1,50,000 pre-approved loan available on 14.11.2026. Offer valid today: http://example.in/8643 - LazyPay",No,Loan Marketing,Promotional message; no actual money movement
"Dear Customer, Rs.5,00,000 to Rs.5,00,000 loan offer waiting for you on 06.10.2026. Check if you qualify: http://example.in/3259 - Ram Fincor",No,Loan Marketing,Promotional message; no actual money movement
"Dear Customer, Rs.10,000 to Rs.5,00,000 instant cash loan available on 20.05.2026. Complete KYC to proceed: http://example.in/6374 - MoneyView",No,Loan Marketing,Promotional message; no actual money movement
"Dear Customer, Rs.80,000 to Rs.80,000 credit line available on 26.08.2026. Get money in minutes: http://example.in/9049 - Ram Fincor",No,Loan Marketing,Promotional message; no actual money movement
"Dear Customer, Rs.25,000 to Rs.50,000 pre-approved loan available on 27.04.2026. Complete KYC to proceed: http://example.in/9057 - CASHe",No,Loan Marketing,Promotional message; no actual money movement
"Dear Customer, Rs.1,50,000 to Rs.1,50,000 credit line available on 23.01.2026. Instant approval: http://example.in/6568 - KreditBee",No,Loan Marketing,Promotional message; no actual money movement
"Dear Customer, Rs.50,000 to Rs.50,000 credit line available on 23.10.2026. Limited period offer: http://example.in/3056 - CASHe",No,Loan Marketing,Promotional message; no actual money movement
"Dear Customer, Rs.1,50,000 to Rs.5,00,000 cash loan up to Rs.5,00,000 on 18.10.2026. Check if you qualify: http://example.in/4195 - Bajaj Finserv",No,Loan Marketing,Promotional message; no actual money movement
"Dear Customer, Rs.25,000 to Rs.1,50,000 cash loan up to Rs.1,50,000 on 13.08.2026. Get money in minutes: http://example.in/1589 - Ram Fincor",No,Loan Marketing,Promotional message; no actual money movement
"Dear Customer, Rs.2,000 to Rs.5,000 quick loan can be disbursed on 02.07.2026. Instant approval: http://example.in/4845 - MoneyView",No,Loan Marketing,Promotional message; no actual money movement
"Dear Customer, Rs.25,000 to Rs.50,000 you are eligible for a personal loan on 19.01.2026. Apply Now: http://example.in/8865 - LazyPay",No,Loan Marketing,Promotional message; no actual money movement
"Dear Customer, Rs.25,000 to Rs.80,000 cash loan up to Rs.80,000 on 27.10.2026. Get money in minutes: http://example.in/7455 - LazyPay",No,Loan Marketing,Promotional message; no actual money movement
"Dear Customer, Rs.25,000 to Rs.80,000 instant cash loan available on 07.12.2026. Get money in minutes: http://example.in/7146 - MoneyView",No,Loan Marketing,Promotional message; no actual money movement
"Dear Customer, Rs.50,000 to Rs.5,00,000 pre-approved loan available on 26.09.2026. Check if you qualify: http://example.in/2275 - Navi",No,Loan Marketing,Promotional message; no actual money movement
"Dear Customer, Rs.2,000 to Rs.80,000 loan approved subject to verification on 03.11.2026. Offer valid today: http://example.in/7998 - MoneyView",No,Loan Marketing,Promotional message; no actual money movement
"Dear Customer, Rs.5,000 to Rs.10,000 pre-approved loan available on 03.01.2026. Click to know more: http://example.in/6826 - KreditBee",No,Loan Marketing,Promotional message; no actual money movement
"Dear Customer, Rs.2,000 to Rs.5,000 quick loan can be disbursed on 03.11.2026. Check if you qualify: http://example.in/4632 - MoneyView",No,Loan Marketing,Promotional message; no actual money movement
"Dear Customer, Rs.50,000 to Rs.80,000 you are eligible for a personal loan on 03.02.2026. Offer valid today: http://example.in/7402 - Navi",No,Loan Marketing,Promotional message; no actual money movement
"Dear Customer, Rs.50,000 to Rs.1,50,000 you are eligible for a personal loan on 18.12.2026. Instant approval: http://example.in/2706 - KreditBee",No,Loan Marketing,Promotional message; no actual money movement
"Dear Customer, Rs.2,000 to Rs.5,000 quick loan can be disbursed on 01.04.2026. Complete KYC to proceed: http://example.in/5725 - Ram Fincor",No,Loan Marketing,Promotional message; no actual money movement
"Dear Customer, Rs.25,000 to Rs.50,000 loan can be credited to your Bank A/c on 20.01.2026. Instant approval: http://example.in/6440 - Ram Fincor",No,Loan Marketing,Promotional message; no actual money movement
"Dear Customer, Rs.10,000 to Rs.50,000 loan approved subject to verification on 18.06.2026. Instant approval: http://example.in/1169 - PaySense",No,Loan Marketing,Promotional message; no actual money movement
"Dear Customer, Rs.10,000 to Rs.5,00,000 instant cash loan available on 15.09.2026. Limited period offer: http://example.in/7438 - mPokket",No,Loan Marketing,Promotional message; no actual money movement
"Dear Customer, Rs.50,000 to Rs.50,000 credit line available on 15.08.2026. Offer valid today: http://example.in/2370 - CASHe",No,Loan Marketing,Promotional message; no actual money movement
"Dear Customer, Rs.2,000 to Rs.25,000 loan approved subject to verification on 21.05.2026. Complete KYC to proceed: http://example.in/6104 - Kissht",No,Loan Marketing,Promotional message; no actual money movement
"Dear Customer, Rs.25,000 to Rs.50,000 credit line available on 20.03.2026. Complete KYC to proceed: http://example.in/4314 - CASHe",No,Loan Marketing,Promotional message; no actual money movement
"Dear Customer, Rs.80,000 to Rs.1,50,000 pre-approved loan available on 06.10.2026. Instant approval: http://example.in/3360 - Bajaj Finserv",No,Loan Marketing,Promotional message; no actual money movement
"Dear Customer, Rs.25,000 to Rs.50,000 loan can be credited to your Bank A/c on 04.01.2026. Offer valid today: http://example.in/4913 - Kissht",No,Loan Marketing,Promotional message; no actual money movement
"Dear Customer, Rs.5,000 to Rs.50,000 loan approved subject to verification on 10.08.2026. Get money in minutes: http://example.in/3056 - Kissht",No,Loan Marketing,Promotional message; no actual money movement
"Dear Customer, Rs.2,000 to Rs.5,000 credit line available on 18.02.2026. Offer valid today: http://example.in/5998 - PaySense",No,Loan Marketing,Promotional message; no actual money movement
"Dear Customer, Rs.5,000 to Rs.5,000 quick loan can be disbursed on 27.03.2026. Instant approval: http://example.in/5881 - Kissht",No,Loan Marketing,Promotional message; no actual money movement
"Dear Customer, Rs.25,000 to Rs.50,000 instant cash loan available on 17.09.2026. Click to know more: http://example.in/5242 - Ram Fincor",No,Loan Marketing,Promotional message; no actual money movement
"Dear Customer, Rs.2,000 to Rs.5,000 personal loan can be credited instantly on 15.01.2026. Instant approval: http://example.in/6512 - CASHe",No,Loan Marketing,Promotional message; no actual money movement
"Dear Customer, Rs.10,000 to Rs.1,50,000 loan offer waiting for you on 26.11.2026. Click to know more: http://example.in/9696 - KreditBee",No,Loan Marketing,Promotional message; no actual money movement
"Dear Customer, Rs.10,000 to Rs.80,000 instant cash loan available on 24.04.2026. Instant approval: http://example.in/4282 - PaySense",No,Loan Marketing,Promotional message; no actual money movement
"Dear Customer, Rs.50,000 to Rs.50,000 personal loan can be credited instantly on 28.05.2026. Get money in minutes: http://example.in/3261 - MoneyView",No,Loan Marketing,Promotional message; no actual money movement
"Dear Customer, Rs.10,000 to Rs.5,00,000 instant cash loan available on 09.10.2026. Click to know more: http://example.in/2309 - KreditBee",No,Loan Marketing,Promotional message; no actual money movement
"Dear Customer, Rs.25,000 to Rs.50,000 credit line available on 27.07.2026. Check if you qualify: http://example.in/8544 - Kissht",No,Loan Marketing,Promotional message; no actual money movement
"Dear Customer, Rs.2,000 to Rs.25,000 credit line available on 23.07.2026. Complete KYC to proceed: http://example.in/7900 - KreditBee",No,Loan Marketing,Promotional message; no actual money movement
"Dear Customer, Rs.25,000 to Rs.1,50,000 loan can be credited to your Bank A/c on 19.07.2026. Instant approval: http://example.in/5657 - MoneyView",No,Loan Marketing,Promotional message; no actual money movement
"Dear Customer, Rs.80,000 to Rs.1,50,000 quick loan can be disbursed on 11.08.2026. Limited period offer: http://example.in/1261 - Bajaj Finserv",No,Loan Marketing,Promotional message; no actual money movement
"Dear Customer, Rs.50,000 to Rs.5,00,000 credit line available on 09.05.2026. Click to know more: http://example.in/8882 - PaySense",No,Loan Marketing,Promotional message; no actual money movement
"Dear Customer, Rs.80,000 to Rs.1,50,000 quick loan can be disbursed on 23.08.2026. Check if you qualify: http://example.in/2243 - KreditBee",No,Loan Marketing,Promotional message; no actual money movement
"Dear Customer, Rs.2,000 to Rs.10,000 instant cash loan available on 07.04.2026. Complete KYC to proceed: http://example.in/9650 - LazyPay",No,Loan Marketing,Promotional message; no actual money movement
"Dear Customer, Rs.25,000 to Rs.50,000 pre-approved loan available on 01.05.2026. Offer valid today: http://example.in/4758 - Kissht",No,Loan Marketing,Promotional message; no actual money movement
"Dear Customer, Rs.50,000 to Rs.50,000 pre-approved loan available on 11.12.2026. Get money in minutes: http://example.in/3852 - mPokket",No,Loan Marketing,Promotional message; no actual money movement
"Dear Customer, Rs.10,000 to Rs.1,50,000 cash loan up to Rs.1,50,000 on 15.07.2026. Complete KYC to proceed: http://example.in/2703 - PaySense",No,Loan Marketing,Promotional message; no actual money movement
"Dear Customer, Rs.5,000 to Rs.5,00,000 quick loan can be disbursed on 27.09.2026. Apply Now: http://example.in/3281 - Bajaj Finserv",No,Loan Marketing,Promotional message; no actual money movement
"Dear Customer, Rs.5,000 to Rs.25,000 instant cash loan available on 12.10.2026. Click to know more: http://example.in/8684 - MoneyView",No,Loan Marketing,Promotional message; no actual money movement
"Dear Customer, Rs.50,000 to Rs.1,50,000 credit line available on 17.11.2026. Instant approval: http://example.in/6509 - Bajaj Finserv",No,Loan Marketing,Promotional message; no actual money movement
"Dear Customer, Rs.50,000 to Rs.50,000 personal loan can be credited instantly on 01.05.2026. Limited period offer: http://example.in/2816 - Ram Fincor",No,Loan Marketing,Promotional message; no actual money movement
"Dear Customer, Rs.50,000 to Rs.50,000 quick loan can be disbursed on 22.12.2026. Limited period offer: http://example.in/5165 - PaySense",No,Loan Marketing,Promotional message; no actual money movement
"Dear Customer, Rs.5,000 to Rs.5,00,000 pre-approved loan available on 22.03.2026. Get money in minutes: http://example.in/3325 - Kissht",No,Loan Marketing,Promotional message; no actual money movement
"Dear Customer, Rs.2,000 to Rs.5,000 credit line available on 21.02.2026. Offer valid today: http://example.in/4180 - KreditBee",No,Loan Marketing,Promotional message; no actual money movement
"Dear Customer, Rs.5,000 to Rs.50,000 loan approved subject to verification on 05.05.2026. Apply Now: http://example.in/9994 - MoneyView",No,Loan Marketing,Promotional message; no actual money movement
"Dear Customer, Rs.25,000 to Rs.50,000 cash loan up to Rs.50,000 on 19.05.2026. Offer valid today: http://example.in/7197 - MoneyView",No,Loan Marketing,Promotional message; no actual money movement
"Dear Customer, Rs.10,000 to Rs.1,50,000 personal loan can be credited instantly on 03.07.2026. Complete KYC to proceed: http://example.in/1003 - Navi",No,Loan Marketing,Promotional message; no actual money movement
"Dear Customer, Rs.50,000 to Rs.80,000 loan approved subject to verification on 20.12.2026. Apply Now: http://example.in/9030 - MoneyView",No,Loan Marketing,Promotional message; no actual money movement
"Dear Customer, Rs.5,000 to Rs.10,000 credit line available on 01.12.2026. Apply Now: http://example.in/5918 - MoneyView",No,Loan Marketing,Promotional message; no actual money movement
"Dear Customer, Rs.2,000 to Rs.5,000 you are eligible for a personal loan on 19.10.2026. Instant approval: http://example.in/7960 - KreditBee",No,Loan Marketing,Promotional message; no actual money movement
"Dear Customer, Rs.25,000 to Rs.25,000 loan offer waiting for you on 25.04.2026. Get money in minutes: http://example.in/2736 - mPokket",No,Loan Marketing,Promotional message; no actual money movement
"Dear Customer, Rs.2,000 to Rs.1,50,000 you are eligible for a personal loan on 27.06.2026. Check if you qualify: http://example.in/7569 - Navi",No,Loan Marketing,Promotional message; no actual money movement
"Dear Customer, Rs.2,000 to Rs.5,00,000 instant cash loan available on 07.12.2026. Limited period offer: http://example.in/2638 - MoneyView",No,Loan Marketing,Promotional message; no actual money movement
"Dear Customer, Rs.10,000 to Rs.10,000 pre-approved loan available on 24.01.2026. Click to know more: http://example.in/6266 - MoneyView",No,Loan Marketing,Promotional message; no actual money movement
"Dear Customer, Rs.10,000 to Rs.25,000 loan can be credited to your Bank A/c on 25.05.2026. Complete KYC to proceed: http://example.in/2243 - KreditBee",No,Loan Marketing,Promotional message; no actual money movement
"Dear Customer, Rs.10,000 to Rs.1,50,000 instant cash loan available on 06.08.2026. Click to know more: http://example.in/7537 - Ram Fincor",No,Loan Marketing,Promotional message; no actual money movement
"Dear Customer, Rs.2,000 to Rs.5,000 instant cash loan available on 02.11.2026. Click to know more: http://example.in/5390 - CASHe",No,Loan Marketing,Promotional message; no actual money movement
"Dear Customer, Rs.2,000 to Rs.25,000 quick loan can be disbursed on 08.09.2026. Get money in minutes: http://example.in/5346 - Bajaj Finserv",No,Loan Marketing,Promotional message; no actual money movement
"Dear Customer, Rs.2,000 to Rs.5,00,000 loan approved subject to verification on 13.07.2026. Get money in minutes: http://example.in/6521 - PaySense",No,Loan Marketing,Promotional message; no actual money movement
"Dear Customer, Rs.5,000 to Rs.80,000 loan approved subject to verification on 22.04.2026. Offer valid today: http://example.in/5082 - Ram Fincor",No,Loan Marketing,Promotional message; no actual money movement
"Dear Customer, Rs.50,000 to Rs.50,000 cash loan up to Rs.50,000 on 12.07.2026. Limited period offer: http://example.in/2243 - Bajaj Finserv",No,Loan Marketing,Promotional message; no actual money movement
"Dear Customer, Rs.5,000 to Rs.1,50,000 quick loan can be disbursed on 20.12.2026. Instant approval: http://example.in/2355 - Bajaj Finserv",No,Loan Marketing,Promotional message; no actual money movement
"Dear Customer, Rs.5,000 to Rs.80,000 quick loan can be disbursed on 01.01.2026. Limited period offer: http://example.in/9366 - mPokket",No,Loan Marketing,Promotional message; no actual money movement
"Dear Customer, Rs.2,000 to Rs.5,00,000 personal loan can be credited instantly on 16.08.2026. Offer valid today: http://example.in/8796 - LazyPay",No,Loan Marketing,Promotional message; no actual money movement
"Dear Customer, Rs.50,000 to Rs.5,00,000 cash loan up to Rs.5,00,000 on 06.02.2026. Get money in minutes: http://example.in/3204 - Navi",No,Loan Marketing,Promotional message; no actual money movement
"Dear Customer, Rs.10,000 to Rs.25,000 instant cash loan available on 24.11.2026. Instant approval: http://example.in/1465 - PaySense",No,Loan Marketing,Promotional message; no actual money movement
"Dear Customer, Rs.80,000 to Rs.80,000 credit line available on 05.02.2026. Complete KYC to proceed: http://example.in/6213 - mPokket",No,Loan Marketing,Promotional message; no actual money movement
"Dear Customer, Rs.10,000 to Rs.25,000 loan approved subject to verification on 04.05.2026. Limited period offer: http://example.in/7073 - MoneyView",No,Loan Marketing,Promotional message; no actual money movement
"Dear Customer, Rs.2,000 to Rs.25,000 loan approved subject to verification on 27.12.2026. Complete KYC to proceed: http://example.in/3973 - CASHe",No,Loan Marketing,Promotional message; no actual money movement
"Dear Customer, Rs.5,000 to Rs.25,000 cash loan up to Rs.25,000 on 02.12.2026. Apply Now: http://example.in/7950 - MoneyView",No,Loan Marketing,Promotional message; no actual money movement
"Dear Customer, Rs.25,000 to Rs.5,00,000 loan approved subject to verification on 12.06.2026. Instant approval: http://example.in/3872 - Kissht",No,Loan Marketing,Promotional message; no actual money movement
"Dear Customer, Rs.5,000 to Rs.80,000 you are eligible for a personal loan on 07.09.2026. Complete KYC to proceed: http://example.in/9491 - Navi",No,Loan Marketing,Promotional message; no actual money movement
"Dear Customer, Rs.10,000 to Rs.80,000 cash loan up to Rs.80,000 on 11.11.2026. Check if you qualify: http://example.in/2623 - KreditBee",No,Loan Marketing,Promotional message; no actual money movement
"Dear Customer, Rs.2,000 to Rs.5,000 loan approved subject to verification on 01.03.2026. Complete KYC to proceed: http://example.in/7805 - Navi",No,Loan Marketing,Promotional message; no actual money movement
"Dear Customer, Rs.2,000 to Rs.2,000 loan approved subject to verification on 17.07.2026. Apply Now: http://example.in/7383 - mPokket",No,Loan Marketing,Promotional message; no actual money movement
"Dear Customer, Rs.50,000 to Rs.1,50,000 cash loan up to Rs.1,50,000 on 15.12.2026. Limited period offer: http://example.in/6267 - Kissht",No,Loan Marketing,Promotional message; no actual money movement
"Dear Customer, Rs.5,000 to Rs.10,000 pre-approved loan available on 16.08.2026. Instant approval: http://example.in/5810 - PaySense",No,Loan Marketing,Promotional message; no actual money movement
"Dear Customer, Rs.5,000 to Rs.25,000 personal loan can be credited instantly on 13.06.2026. Get money in minutes: http://example.in/9895 - KreditBee",No,Loan Marketing,Promotional message; no actual money movement
"Dear Customer, Rs.2,000 to Rs.1,50,000 loan offer waiting for you on 05.04.2026. Check if you qualify: http://example.in/4965 - PaySense",No,Loan Marketing,Promotional message; no actual money movement
"Dear Customer, Rs.5,000 to Rs.80,000 cash loan up to Rs.80,000 on 09.05.2026. Check if you qualify: http://example.in/3573 - Navi",No,Loan Marketing,Promotional message; no actual money movement
"Dear Customer, Rs.50,000 to Rs.1,50,000 pre-approved loan available on 13.10.2026. Check if you qualify: http://example.in/1070 - Kissht",No,Loan Marketing,Promotional message; no actual money movement
"Dear Customer, Rs.80,000 to Rs.5,00,000 pre-approved loan available on 16.12.2026. Offer valid today: http://example.in/4030 - KreditBee",No,Loan Marketing,Promotional message; no actual money movement
"Dear Customer, Rs.25,000 to Rs.50,000 you are eligible for a personal loan on 25.03.2026. Get money in minutes: http://example.in/5440 - CASHe",No,Loan Marketing,Promotional message; no actual money movement
"Dear Customer, Rs.25,000 to Rs.50,000 quick loan can be disbursed on 25.10.2026. Check if you qualify: http://example.in/3175 - KreditBee",No,Loan Marketing,Promotional message; no actual money movement
"Dear Customer, Rs.2,000 to Rs.25,000 loan can be credited to your Bank A/c on 01.03.2026. Limited period offer: http://example.in/4965 - Ram Fincor",No,Loan Marketing,Promotional message; no actual money movement
"Dear Customer, Rs.5,000 to Rs.25,000 credit line available on 15.09.2026. Click to know more: http://example.in/1950 - Ram Fincor",No,Loan Marketing,Promotional message; no actual money movement
"Dear Customer, Rs.2,000 to Rs.5,000 loan approved subject to verification on 10.07.2026. Apply Now: http://example.in/1507 - LazyPay",No,Loan Marketing,Promotional message; no actual money movement
"Dear Customer, Rs.2,000 to Rs.25,000 credit line available on 24.07.2026. Offer valid today: http://example.in/5615 - KreditBee",No,Loan Marketing,Promotional message; no actual money movement
"Dear Customer, Rs.5,000 to Rs.25,000 loan can be credited to your Bank A/c on 04.11.2026. Check if you qualify: http://example.in/2195 - CASHe",No,Loan Marketing,Promotional message; no actual money movement
"Dear Customer, Rs.5,000 to Rs.25,000 quick loan can be disbursed on 10.07.2026. Complete KYC to proceed: http://example.in/6854 - LazyPay",No,Loan Marketing,Promotional message; no actual money movement
"Dear Customer, Rs.5,000 to Rs.1,50,000 personal loan can be credited instantly on 18.10.2026. Limited period offer: http://example.in/3810 - CASHe",No,Loan Marketing,Promotional message; no actual money movement
"Dear Customer, Rs.5,000 to Rs.10,000 loan can be credited to your Bank A/c on 12.11.2026. Get money in minutes: http://example.in/9775 - Ram Fincor",No,Loan Marketing,Promotional message; no actual money movement
"Dear Customer, Rs.2,000 to Rs.10,000 you are eligible for a personal loan on 26.05.2026. Apply Now: http://example.in/7268 - Ram Fincor",No,Loan Marketing,Promotional message; no actual money movement
"Dear Customer, Rs.25,000 to Rs.50,000 pre-approved loan available on 15.12.2026. Offer valid today: http://example.in/4775 - CASHe",No,Loan Marketing,Promotional message; no actual money movement
"Dear Customer, Rs.2,000 to Rs.5,000 cash loan up to Rs.5,000 on 12.09.2026. Check if you qualify: http://example.in/4725 - LazyPay",No,Loan Marketing,Promotional message; no actual money movement
"Dear Customer, Rs.10,000 to Rs.25,000 pre-approved loan available on 08.07.2026. Complete KYC to proceed: http://example.in/3966 - PaySense",No,Loan Marketing,Promotional message; no actual money movement
"Dear Customer, Rs.2,000 to Rs.50,000 you are eligible for a personal loan on 15.02.2026. Apply Now: http://example.in/9553 - PaySense",No,Loan Marketing,Promotional message; no actual money movement
"Dear Customer, Rs.50,000 to Rs.5,00,000 you are eligible for a personal loan on 21.03.2026. Complete KYC to proceed: http://example.in/3694 - Ram Fincor",No,Loan Marketing,Promotional message; no actual money movement
"Dear Customer, Rs.5,000 to Rs.80,000 quick loan can be disbursed on 04.01.2026. Click to know more: http://example.in/9784 - LazyPay",No,Loan Marketing,Promotional message; no actual money movement
"Dear Customer, Rs.2,000 to Rs.5,00,000 pre-approved loan available on 25.05.2026. Offer valid today: http://example.in/1624 - PaySense",No,Loan Marketing,Promotional message; no actual money movement
"Dear Customer, Rs.10,000 to Rs.25,000 loan can be credited to your Bank A/c on 28.08.2026. Limited period offer: http://example.in/7419 - MoneyView",No,Loan Marketing,Promotional message; no actual money movement
"Dear Customer, Rs.80,000 to Rs.1,50,000 loan can be credited to your Bank A/c on 14.06.2026. Complete KYC to proceed: http://example.in/6913 - Ram Fincor",No,Loan Marketing,Promotional message; no actual money movement
"Dear Customer, Rs.50,000 to Rs.5,00,000 credit line available on 10.02.2026. Click to know more: http://example.in/7401 - Kissht",No,Loan Marketing,Promotional message; no actual money movement
"Dear Customer, Rs.5,00,000 to Rs.5,00,000 loan offer waiting for you on 24.10.2026. Limited period offer: http://example.in/6875 - Ram Fincor",No,Loan Marketing,Promotional message; no actual money movement
"Dear Customer, Rs.10,000 to Rs.10,000 personal loan can be credited instantly on 08.08.2026. Apply Now: http://example.in/8062 - KreditBee",No,Loan Marketing,Promotional message; no actual money movement
"Dear Customer, Rs.25,000 to Rs.80,000 personal loan can be credited instantly on 07.11.2026. Limited period offer: http://example.in/6081 - Navi",No,Loan Marketing,Promotional message; no actual money movement
"Dear Customer, Rs.2,000 to Rs.80,000 loan offer waiting for you on 26.01.2026. Click to know more: http://example.in/6862 - Bajaj Finserv",No,Loan Marketing,Promotional message; no actual money movement
"Dear Customer, Rs.10,000 to Rs.1,50,000 loan offer waiting for you on 24.09.2026. Click to know more: http://example.in/7875 - Kissht",No,Loan Marketing,Promotional message; no actual money movement
"Dear Customer, Rs.10,000 to Rs.80,000 loan approved subject to verification on 24.06.2026. Click to know more: http://example.in/4347 - MoneyView",No,Loan Marketing,Promotional message; no actual money movement
"Dear Customer, Rs.50,000 to Rs.5,00,000 instant cash loan available on 03.02.2026. Apply Now: http://example.in/7681 - mPokket",No,Loan Marketing,Promotional message; no actual money movement
"Dear Customer, Rs.80,000 to Rs.5,00,000 credit line available on 27.10.2026. Instant approval: http://example.in/7783 - Bajaj Finserv",No,Loan Marketing,Promotional message; no actual money movement
"Dear Customer, Rs.80,000 to Rs.5,00,000 quick loan can be disbursed on 18.03.2026. Apply Now: http://example.in/2450 - Bajaj Finserv",No,Loan Marketing,Promotional message; no actual money movement
"Dear Customer, Rs.1,50,000 to Rs.1,50,000 instant cash loan available on 09.07.2026. Complete KYC to proceed: http://example.in/6365 - Navi",No,Loan Marketing,Promotional message; no actual money movement
"Dear Customer, Rs.2,000 to Rs.25,000 you are eligible for a personal loan on 28.10.2026. Check if you qualify: http://example.in/8915 - Bajaj Finserv",No,Loan Marketing,Promotional message; no actual money movement
"Dear Customer, Rs.2,000 to Rs.5,00,000 loan offer waiting for you on 21.11.2026. Limited period offer: http://example.in/3166 - Bajaj Finserv",No,Loan Marketing,Promotional message; no actual money movement
"Dear Customer, Rs.50,000 to Rs.80,000 pre-approved loan available on 09.05.2026. Offer valid today: http://example.in/2576 - mPokket",No,Loan Marketing,Promotional message; no actual money movement
"Dear Customer, Rs.50,000 to Rs.5,00,000 loan can be credited to your Bank A/c on 23.03.2026. Click to know more: http://example.in/2106 - KreditBee",No,Loan Marketing,Promotional message; no actual money movement
"Dear Customer, Rs.1,50,000 to Rs.5,00,000 loan can be credited to your Bank A/c on 03.04.2026. Apply Now: http://example.in/2056 - Kissht",No,Loan Marketing,Promotional message; no actual money movement
"Dear Customer, Rs.10,000 to Rs.1,50,000 loan approved subject to verification on 23.12.2026. Limited period offer: http://example.in/8129 - KreditBee",No,Loan Marketing,Promotional message; no actual money movement
"Dear Customer, Rs.10,000 to Rs.50,000 credit line available on 26.09.2026. Complete KYC to proceed: http://example.in/6896 - Ram Fincor",No,Loan Marketing,Promotional message; no actual money movement
"Dear Customer, Rs.50,000 to Rs.1,50,000 loan can be credited to your Bank A/c on 13.02.2026. Offer valid today: http://example.in/5721 - CASHe",No,Loan Marketing,Promotional message; no actual money movement
"Dear Customer, Rs.10,000 to Rs.1,50,000 cash loan up to Rs.1,50,000 on 22.07.2026. Limited period offer: http://example.in/8601 - CASHe",No,Loan Marketing,Promotional message; no actual money movement
"Dear Customer, Rs.25,000 to Rs.5,00,000 pre-approved loan available on 03.11.2026. Check if you qualify: http://example.in/7693 - LazyPay",No,Loan Marketing,Promotional message; no actual money movement
"Dear Customer, Rs.25,000 to Rs.80,000 credit line available on 14.10.2026. Limited period offer: http://example.in/3891 - LazyPay",No,Loan Marketing,Promotional message; no actual money movement
"Dear Customer, Rs.2,000 to Rs.10,000 personal loan can be credited instantly on 13.10.2026. Check if you qualify: http://example.in/3074 - Navi",No,Loan Marketing,Promotional message; no actual money movement
"Dear Customer, Rs.2,000 to Rs.5,00,000 loan approved subject to verification on 16.07.2026. Apply Now: http://example.in/3983 - KreditBee",No,Loan Marketing,Promotional message; no actual money movement
"Dear Customer, Rs.5,000 to Rs.25,000 loan can be credited to your Bank A/c on 22.09.2026. Get money in minutes: http://example.in/4327 - MoneyView",No,Loan Marketing,Promotional message; no actual money movement
"Dear Customer, Rs.50,000 to Rs.80,000 loan can be credited to your Bank A/c on 15.04.2026. Limited period offer: http://example.in/6656 - KreditBee",No,Loan Marketing,Promotional message; no actual money movement
"Dear Customer, Rs.10,000 to Rs.10,000 cash loan up to Rs.10,000 on 13.03.2026. Get money in minutes: http://example.in/2354 - Kissht",No,Loan Marketing,Promotional message; no actual money movement
"Dear Customer, Rs.25,000 to Rs.80,000 pre-approved loan available on 24.01.2026. Limited period offer: http://example.in/1893 - MoneyView",No,Loan Marketing,Promotional message; no actual money movement
"Dear Customer, Rs.25,000 to Rs.80,000 instant cash loan available on 03.07.2026. Apply Now: http://example.in/6542 - KreditBee",No,Loan Marketing,Promotional message; no actual money movement
"Dear Customer, Rs.10,000 to Rs.1,50,000 credit line available on 01.09.2026. Offer valid today: http://example.in/9801 - KreditBee",No,Loan Marketing,Promotional message; no actual money movement
"Dear Customer, Rs.5,000 to Rs.80,000 loan approved subject to verification on 27.06.2026. Instant approval: http://example.in/7426 - PaySense",No,Loan Marketing,Promotional message; no actual money movement
"Dear Customer, Rs.2,000 to Rs.25,000 loan approved subject to verification on 03.04.2026. Complete KYC to proceed: http://example.in/3800 - Ram Fincor",No,Loan Marketing,Promotional message; no actual money movement
"Dear Customer, Rs.25,000 to Rs.25,000 cash loan up to Rs.25,000 on 27.09.2026. Offer valid today: http://example.in/3189 - CASHe",No,Loan Marketing,Promotional message; no actual money movement
"Dear Customer, Rs.5,000 to Rs.10,000 credit line available on 26.05.2026. Apply Now: http://example.in/3397 - KreditBee",No,Loan Marketing,Promotional message; no actual money movement
"Dear Customer, Rs.1,50,000 to Rs.5,00,000 cash loan up to Rs.5,00,000 on 09.11.2026. Complete KYC to proceed: http://example.in/4293 - PaySense",No,Loan Marketing,Promotional message; no actual money movement
"Dear Customer, Rs.2,000 to Rs.1,50,000 loan approved subject to verification on 22.01.2026. Click to know more: http://example.in/2682 - LazyPay",No,Loan Marketing,Promotional message; no actual money movement
"Dear Customer, Rs.80,000 to Rs.5,00,000 cash loan up to Rs.5,00,000 on 25.10.2026. Check if you qualify: http://example.in/4741 - Navi",No,Loan Marketing,Promotional message; no actual money movement
"Dear Customer, Rs.5,000 to Rs.25,000 instant cash loan available on 06.03.2026. Instant approval: http://example.in/8685 - Kissht",No,Loan Marketing,Promotional message; no actual money movement
"Dear Customer, Rs.5,000 to Rs.10,000 instant cash loan available on 26.03.2026. Check if you qualify: http://example.in/5011 - Kissht",No,Loan Marketing,Promotional message; no actual money movement
"Dear Customer, Rs.5,000 to Rs.1,50,000 you are eligible for a personal loan on 25.08.2026. Get money in minutes: http://example.in/3073 - Kissht",No,Loan Marketing,Promotional message; no actual money movement
"Dear Customer, Rs.1,50,000 to Rs.5,00,000 quick loan can be disbursed on 23.02.2026. Click to know more: http://example.in/5962 - Navi",No,Loan Marketing,Promotional message; no actual money movement
"Dear Customer, Rs.2,000 to Rs.1,50,000 credit line available on 05.09.2026. Instant approval: http://example.in/1401 - Ram Fincor",No,Loan Marketing,Promotional message; no actual money movement
"Dear Customer, Rs.25,000 to Rs.5,00,000 pre-approved loan available on 08.10.2026. Offer valid today: http://example.in/8694 - PaySense",No,Loan Marketing,Promotional message; no actual money movement
"Dear Customer, Rs.2,000 to Rs.25,000 you are eligible for a personal loan on 15.09.2026. Apply Now: http://example.in/2733 - PaySense",No,Loan Marketing,Promotional message; no actual money movement
"Dear Customer, Rs.5,00,000 to Rs.5,00,000 quick loan can be disbursed on 17.12.2026. Get money in minutes: http://example.in/2388 - MoneyView",No,Loan Marketing,Promotional message; no actual money movement
"Dear Customer, Rs.50,000 to Rs.5,00,000 quick loan can be disbursed on 09.12.2026. Apply Now: http://example.in/2953 - MoneyView",No,Loan Marketing,Promotional message; no actual money movement
"Dear Customer, Rs.2,000 to Rs.50,000 you are eligible for a personal loan on 25.04.2026. Complete KYC to proceed: http://example.in/5511 - Ram Fincor",No,Loan Marketing,Promotional message; no actual money movement
"Dear Customer, Rs.10,000 to Rs.50,000 pre-approved loan available on 05.08.2026. Offer valid today: http://example.in/7653 - MoneyView",No,Loan Marketing,Promotional message; no actual money movement
"Dear Customer, Rs.2,000 to Rs.5,00,000 credit line available on 06.10.2026. Instant approval: http://example.in/9329 - Navi",No,Loan Marketing,Promotional message; no actual money movement
"Dear Customer, Rs.2,000 to Rs.5,00,000 loan approved subject to verification on 15.09.2026. Get money in minutes: http://example.in/5058 - Kissht",No,Loan Marketing,Promotional message; no actual money movement
"Dear Customer, Rs.2,000 to Rs.50,000 you are eligible for a personal loan on 28.12.2026. Offer valid today: http://example.in/2823 - Kissht",No,Loan Marketing,Promotional message; no actual money movement
"Dear Customer, Rs.5,000 to Rs.10,000 you are eligible for a personal loan on 06.09.2026. Instant approval: http://example.in/8031 - Ram Fincor",No,Loan Marketing,Promotional message; no actual money movement
"Dear Customer, Rs.50,000 to Rs.80,000 loan offer waiting for you on 04.11.2026. Complete KYC to proceed: http://example.in/5059 - Navi",No,Loan Marketing,Promotional message; no actual money movement
"Dear Customer, Rs.2,000 to Rs.5,000 loan approved subject to verification on 23.11.2026. Click to know more: http://example.in/3147 - Kissht",No,Loan Marketing,Promotional message; no actual money movement
"Dear Customer, Rs.5,000 to Rs.5,00,000 loan approved subject to verification on 04.09.2026. Complete KYC to proceed: http://example.in/6534 - KreditBee",No,Loan Marketing,Promotional message; no actual money movement
"Dear Customer, Rs.25,000 to Rs.80,000 loan approved subject to verification on 03.01.2026. Limited period offer: http://example.in/9481 - mPokket",No,Loan Marketing,Promotional message; no actual money movement
"Dear Customer, Rs.2,000 to Rs.5,000 you are eligible for a personal loan on 13.02.2026. Check if you qualify: http://example.in/2134 - MoneyView",No,Loan Marketing,Promotional message; no actual money movement
"Dear Customer, Rs.50,000 to Rs.1,50,000 loan can be credited to your Bank A/c on 15.07.2026. Limited period offer: http://example.in/6635 - KreditBee",No,Loan Marketing,Promotional message; no actual money movement
"Dear Customer, Rs.5,000 to Rs.80,000 loan can be credited to your Bank A/c on 10.02.2026. Check if you qualify: http://example.in/1431 - mPokket",No,Loan Marketing,Promotional message; no actual money movement
"Dear Customer, Rs.2,000 to Rs.5,00,000 loan can be credited to your Bank A/c on 09.09.2026. Limited period offer: http://example.in/2754 - CASHe",No,Loan Marketing,Promotional message; no actual money movement
"Dear Customer, Rs.10,000 to Rs.10,000 cash loan up to Rs.10,000 on 02.11.2026. Instant approval: http://example.in/5651 - Navi",No,Loan Marketing,Promotional message; no actual money movement
"Dear Customer, Rs.80,000 to Rs.5,00,000 loan can be credited to your Bank A/c on 23.01.2026. Get money in minutes: http://example.in/5947 - Navi",No,Loan Marketing,Promotional message; no actual money movement
"Dear Customer, Rs.50,000 to Rs.80,000 cash loan up to Rs.80,000 on 09.07.2026. Get money in minutes: http://example.in/1961 - PaySense",No,Loan Marketing,Promotional message; no actual money movement
"Dear Customer, Rs.10,000 to Rs.1,50,000 loan approved subject to verification on 21.04.2026. Click to know more: http://example.in/2796 - LazyPay",No,Loan Marketing,Promotional message; no actual money movement
"Dear Customer, Rs.5,000 to Rs.1,50,000 instant cash loan available on 18.09.2026. Complete KYC to proceed: http://example.in/6899 - Kissht",No,Loan Marketing,Promotional message; no actual money movement
"Dear Customer, Rs.25,000 to Rs.80,000 quick loan can be disbursed on 09.05.2026. Instant approval: http://example.in/3979 - PaySense",No,Loan Marketing,Promotional message; no actual money movement
"Dear Customer, Rs.25,000 to Rs.80,000 loan approved subject to verification on 20.11.2026. Limited period offer: http://example.in/1420 - Kissht",No,Loan Marketing,Promotional message; no actual money movement
"Dear Customer, Rs.25,000 to Rs.50,000 credit line available on 28.03.2026. Complete KYC to proceed: http://example.in/6513 - Ram Fincor",No,Loan Marketing,Promotional message; no actual money movement
"Dear Customer, Rs.50,000 to Rs.1,50,000 you are eligible for a personal loan on 04.07.2026. Click to know more: http://example.in/1337 - LazyPay",No,Loan Marketing,Promotional message; no actual money movement
"Dear Customer, Rs.5,000 to Rs.5,000 quick loan can be disbursed on 05.10.2026. Limited period offer: http://example.in/9535 - LazyPay",No,Loan Marketing,Promotional message; no actual money movement
"Dear Customer, Rs.5,000 to Rs.25,000 loan can be credited to your Bank A/c on 10.12.2026. Limited period offer: http://example.in/9977 - mPokket",No,Loan Marketing,Promotional message; no actual money movement
"Dear Customer, Rs.2,000 to Rs.25,000 loan can be credited to your Bank A/c on 24.05.2026. Limited period offer: http://example.in/6622 - KreditBee",No,Loan Marketing,Promotional message; no actual money movement
"Dear Customer, Rs.10,000 to Rs.5,00,000 loan can be credited to your Bank A/c on 24.02.2026. Click to know more: http://example.in/4901 - Bajaj Finserv",No,Loan Marketing,Promotional message; no actual money movement
"Dear Customer, Rs.25,000 to Rs.5,00,000 instant cash loan available on 09.12.2026. Limited period offer: http://example.in/3608 - CASHe",No,Loan Marketing,Promotional message; no actual money movement
"Dear Customer, Rs.1,50,000 to Rs.5,00,000 loan approved subject to verification on 24.12.2026. Get money in minutes: http://example.in/2675 - CASHe",No,Loan Marketing,Promotional message; no actual money movement
"Dear Customer, Rs.10,000 to Rs.25,000 cash loan up to Rs.25,000 on 13.12.2026. Get money in minutes: http://example.in/7023 - Navi",No,Loan Marketing,Promotional message; no actual money movement
"Dear Customer, Rs.2,000 to Rs.50,000 personal loan can be credited instantly on 15.08.2026. Offer valid today: http://example.in/7312 - LazyPay",No,Loan Marketing,Promotional message; no actual money movement
"Dear Customer, Rs.25,000 to Rs.25,000 cash loan up to Rs.25,000 on 06.06.2026. Instant approval: http://example.in/8268 - Ram Fincor",No,Loan Marketing,Promotional message; no actual money movement
"Dear Customer, Rs.50,000 to Rs.80,000 loan offer waiting for you on 15.11.2026. Apply Now: http://example.in/1770 - Kissht",No,Loan Marketing,Promotional message; no actual money movement
"Dear Customer, Rs.25,000 to Rs.80,000 personal loan can be credited instantly on 22.03.2026. Click to know more: http://example.in/9836 - Kissht",No,Loan Marketing,Promotional message; no actual money movement
"Dear Customer, Rs.1,50,000 to Rs.1,50,000 quick loan can be disbursed on 10.07.2026. Get money in minutes: http://example.in/8915 - Kissht",No,Loan Marketing,Promotional message; no actual money movement
"Dear Customer, Rs.10,000 to Rs.50,000 credit line available on 20.12.2026. Complete KYC to proceed: http://example.in/4689 - Ram Fincor",No,Loan Marketing,Promotional message; no actual money movement
"Dear Customer, Rs.25,000 to Rs.25,000 quick loan can be disbursed on 16.10.2026. Instant approval: http://example.in/5191 - Kissht",No,Loan Marketing,Promotional message; no actual money movement
"Dear Customer, Rs.80,000 to Rs.80,000 instant cash loan available on 16.05.2026. Check if you qualify: http://example.in/6932 - mPokket",No,Loan Marketing,Promotional message; no actual money movement
"Dear Customer, Rs.5,000 to Rs.5,00,000 pre-approved loan available on 22.07.2026. Instant approval: http://example.in/4790 - PaySense",No,Loan Marketing,Promotional message; no actual money movement
"Dear Customer, Rs.50,000 to Rs.80,000 personal loan can be credited instantly on 25.10.2026. Limited period offer: http://example.in/2669 - LazyPay",No,Loan Marketing,Promotional message; no actual money movement
